{
  "main": {
    "da": {
      "identity": {
        "version": {
          "_cldrVersion": "27",
          "_number": "$Revision: 11294 $"
        },
        "generation": {
          "_date": "$Date: 2015-02-23 16:50:24 -0600 (Mon, 23 Feb 2015) $"
        },
        "language": "da"
      },
      "localeDisplayNames": {
        "transformNames": {
          "BGN": "BGN",
          "Numeric": "Numerisk",
          "Tone": "Tone",
          "UNGEGN": "UNGEGN",
          "x-Accents": "Accenter",
          "x-Fullwidth": "Fuld bredde",
          "x-Halfwidth": "Halv bredde",
          "x-Jamo": "Jamo",
          "x-Pinyin": "Pinyin",
          "x-Publishing": "Publishing"
        }
      }
    }
  }
}
