{
  "main": {
    "en-CX": {
      "identity": {
        "version": {
          "_cldrVersion": "27",
          "_number": "$Revision: 10669 $"
        },
        "generation": {
          "_date": "$Date: 2014-07-23 16:10:33 -0500 (Wed, 23 Jul 2014) $"
        },
        "language": "en",
        "territory": "001"
      },
      "localeDisplayNames": {
        "localeDisplayPattern": {
          "localePattern": "{0} ({1})",
          "localeSeparator": "{0}, {1}",
          "localeKeyTypePattern": "{0}: {1}"
        },
        "keys": {
          "calendar": "Calendar",
          "colAlternate": "Ignore Symbols Sorting",
          "colBackwards": "Reversed Accent Sorting",
          "colCaseFirst": "Uppercase/Lowercase Ordering",
          "colCaseLevel": "Case Sensitive Sorting",
          "colHiraganaQuaternary": "Kana Sorting",
          "colNormalization": "Normalized Sorting",
          "colNumeric": "Numeric Sorting",
          "colReorder": "Script/Block Reordering",
          "colStrength": "Sorting Strength",
          "collation": "Sort Order",
          "currency": "Currency",
          "kv": "Highest Ignored",
          "lb": "Line Break Style",
          "numbers": "Numbers",
          "timezone": "Time Zone",
          "va": "Locale Variant",
          "variableTop": "Sort As Symbols",
          "x": "Private-Use"
        },
        "types": {
          "calendar": {
            "buddhist": "Buddhist Calendar",
            "chinese": "Chinese Calendar",
            "coptic": "Coptic Calendar",
            "dangi": "Dangi Calendar",
            "ethiopic": "Ethiopic Calendar",
            "ethiopic-amete-alem": "Ethiopic Amete Alem Calendar",
            "gregorian": "Gregorian Calendar",
            "hebrew": "Hebrew Calendar",
            "indian": "Indian National Calendar",
            "islamic": "Islamic Calendar",
            "islamic-civil": "Islamic Calendar (tabular, civil epoch)",
            "islamic-rgsa": "Islamic Calendar (Saudi Arabia, sighting)",
            "islamic-tbla": "Islamic Calendar (tabular, astronomical epoch)",
            "islamic-umalqura": "Islamic Calendar (Umm al-Qura)",
            "iso8601": "ISO-8601 Calendar",
            "japanese": "Japanese Calendar",
            "persian": "Persian Calendar",
            "roc": "Minguo Calendar"
          },
          "colAlternate": {
            "non-ignorable": "Sort Symbols",
            "shifted": "Sort Ignoring Symbols"
          },
          "colBackwards": {
            "no": "Sort Accents Normally",
            "yes": "Sort Accents Reversed"
          },
          "colCaseFirst": {
            "lower": "Sort Lowercase First",
            "no": "Sort Normal Case Order",
            "upper": "Sort Uppercase First"
          },
          "colCaseLevel": {
            "no": "Sort Case Insensitive",
            "yes": "Sort Case Sensitive"
          },
          "colHiraganaQuaternary": {
            "no": "Sort Kana Separately",
            "yes": "Sort Kana Differently"
          },
          "colNormalization": {
            "no": "Sort Without Normalization",
            "yes": "Sort Unicode Normalized"
          },
          "colNumeric": {
            "no": "Sort Digits Individually",
            "yes": "Sort Digits Numerically"
          },
          "colStrength": {
            "identical": "Sort All",
            "primary": "Sort Base Letters Only",
            "quaternary": "Sort Accents/Case/Width/Kana",
            "secondary": "Sort Accents",
            "tertiary": "Sort Accents/Case/Width"
          },
          "collation": {
            "big5han": "Traditional Chinese Sort Order - Big5",
            "compat": "Previous Sort Order, for compatibility",
            "dictionary": "Dictionary Sort Order",
            "ducet": "Default Unicode Sort Order",
            "emoji": "Emoji Sort Order",
            "eor": "European Ordering Rules",
            "gb2312han": "Simplified Chinese Sort Order - GB2312",
            "phonebook": "Phonebook Sort Order",
            "phonetic": "Phonetic Sort Order",
            "pinyin": "Pinyin Sort Order",
            "reformed": "Reformed Sort Order",
            "search": "General-Purpose Search",
            "searchjl": "Search By Hangul Initial Consonant",
            "standard": "Standard Sort Order",
            "stroke": "Stroke Sort Order",
            "traditional": "Traditional Sort Order",
            "unihan": "Radical-Stroke Sort Order",
            "zhuyin": "Zhuyin Sort Order"
          },
          "lb": {
            "loose": "Loose Line Break Style",
            "normal": "Normal Line Break Style",
            "strict": "Strict Line Break Style"
          },
          "numbers": {
            "arab": "Arabic-Indic Digits",
            "arabext": "Extended Arabic-Indic Digits",
            "arabext-alt-short": "X Arabic-Indic Digits",
            "armn": "Armenian Numerals",
            "armnlow": "Armenian Lowercase Numerals",
            "bali": "Balinese Digits",
            "beng": "Bengali Digits",
            "brah": "Brahmi Digits",
            "cakm": "Chakma Digits",
            "cham": "Cham Digits",
            "deva": "Devanagari Digits",
            "ethi": "Ethiopic Numerals",
            "finance": "Financial Numerals",
            "fullwide": "Full-Width Digits",
            "geor": "Georgian Numerals",
            "grek": "Greek Numerals",
            "greklow": "Greek Lowercase Numerals",
            "gujr": "Gujarati Digits",
            "guru": "Gurmukhi Digits",
            "hanidays": "Chinese Calendar Day-of-Month Numerals",
            "hanidec": "Chinese Decimal Numerals",
            "hans": "Simplified Chinese Numerals",
            "hansfin": "Simplified Chinese Financial Numerals",
            "hant": "Traditional Chinese Numerals",
            "hantfin": "Traditional Chinese Financial Numerals",
            "hebr": "Hebrew Numerals",
            "java": "Javanese Digits",
            "jpan": "Japanese Numerals",
            "jpanfin": "Japanese Financial Numerals",
            "kali": "Kayah Li Digits",
            "khmr": "Khmer Digits",
            "knda": "Kannada Digits",
            "lana": "Tai Tham Hora Digits",
            "lanatham": "Tai Tham Tham Digits",
            "laoo": "Lao Digits",
            "latn": "Western Digits",
            "lepc": "Lepcha Digits",
            "limb": "Limbu Digits",
            "mlym": "Malayalam Digits",
            "mong": "Mongolian Digits",
            "mtei": "Meetei Mayek Digits",
            "mymr": "Myanmar Digits",
            "mymrshan": "Myanmar Shan Digits",
            "native": "Native Digits",
            "nkoo": "N’Ko Digits",
            "olck": "Ol Chiki Digits",
            "orya": "Oriya Digits",
            "osma": "Osmanya Digits",
            "roman": "Roman Numerals",
            "romanlow": "Roman Lowercase Numerals",
            "saur": "Saurashtra Digits",
            "shrd": "Sharada Digits",
            "sora": "Sora Sompeng Digits",
            "sund": "Sundanese Digits",
            "takr": "Takri Digits",
            "talu": "New Tai Lue Digits",
            "taml": "Traditional Tamil Numerals",
            "tamldec": "Tamil Digits",
            "telu": "Telugu Digits",
            "thai": "Thai Digits",
            "tibt": "Tibetan Digits",
            "traditional": "Traditional Numerals",
            "vaii": "Vai Digits"
          },
          "va": {
            "posix": "POSIX Compliant Locale"
          }
        },
        "codePatterns": {
          "language": "Language: {0}",
          "script": "Script: {0}",
          "territory": "Region: {0}"
        }
      }
    }
  }
}
