{
  "main": {
    "en": {
      "identity": {
        "version": {
          "_cldrVersion": "27",
          "_number": "$Revision: 11348 $"
        },
        "generation": {
          "_date": "$Date: 2015-03-05 01:15:52 -0600 (Thu, 05 Mar 2015) $"
        },
        "language": "en"
      },
      "localeDisplayNames": {
        "transformNames": {
          "BGN": "BGN",
          "Numeric": "Numeric",
          "Tone": "Tone",
          "UNGEGN": "UNGEGN",
          "x-Accents": "Accents",
          "x-Fullwidth": "Fullwidth",
          "x-Halfwidth": "Halfwidth",
          "x-Jamo": "Jamo",
          "x-Pinyin": "Pinyin",
          "x-Publishing": "Publishing"
        }
      }
    }
  }
}
