{
  "main": {
    "el": {
      "identity": {
        "version": {
          "_cldrVersion": "27",
          "_number": "$Revision: 11294 $"
        },
        "generation": {
          "_date": "$Date: 2015-02-23 16:50:24 -0600 (Mon, 23 Feb 2015) $"
        },
        "language": "el"
      },
      "localeDisplayNames": {
        "localeDisplayPattern": {
          "localePattern": "{0} ({1})",
          "localeSeparator": "{0}, {1}",
          "localeKeyTypePattern": "{0}: {1}"
        },
        "keys": {
          "calendar": "Ημερολόγιο",
          "colAlternate": "Ταξινόμηση με αγνόηση συμβόλων",
          "colBackwards": "Ταξινόμηση με αντεστραμμένο τονισμό",
          "colCaseFirst": "Ταξινόμηση με κεφαλαίους/πεζούς χαρακτήρες",
          "colCaseLevel": "Ταξινόμηση με διάκριση χαρακτήρων",
          "colHiraganaQuaternary": "Ταξινόμηση Κάνα",
          "colNormalization": "Κανονικοποιημένη ταξινόμηση",
          "colNumeric": "Αριθμητική ταξινόμηση",
          "colStrength": "Ισχύς ταξινόμησης",
          "collation": "Σειρά ταξινόμησης",
          "currency": "Νόμισμα",
          "numbers": "Αριθμοί",
          "timezone": "Ζώνη ώρας",
          "va": "Παραλλαγή τοπικών ρυθμίσεων",
          "variableTop": "Ταξινόμηση ως σύμβολα",
          "x": "Προσωπική χρήση"
        },
        "types": {
          "calendar": {
            "buddhist": "Βουδιστικό ημερολόγιο",
            "chinese": "Κινεζικό ημερολόγιο",
            "coptic": "Κοπτικό ημερολόγιο",
            "dangi": "Κορεατικό ημερολόγιο ντάνγκι",
            "ethiopic": "Αιθιοπικό ημερολόγιο",
            "ethiopic-amete-alem": "Αιθιοπικό ημερολόγιο Άμετ Άλεμ",
            "gregorian": "Γρηγοριανό ημερολόγιο",
            "hebrew": "Εβραϊκό ημερολόγιο",
            "indian": "Ινδικό εθνικό ημερολόγιο",
            "islamic": "Ισλαμικό ημερολόγιο",
            "islamic-civil": "Ισλαμικό αστικό ημερολόγιο",
            "islamic-rgsa": "Ισλαμικό ημερολόγιο (Σαουδική Αραβία, θέαση)",
            "islamic-tbla": "Ισλαμικό ημερολόγιο (δομημένο, αστρονομική εποχή)",
            "islamic-umalqura": "islamic-umalqura",
            "iso8601": "Ημερολόγιο ISO-8601",
            "japanese": "Ιαπωνικό ημερολόγιο",
            "persian": "Περσικό ημερολόγιο",
            "roc": "Ημερολόγιο της Δημοκρατίας της Κίνας"
          },
          "colAlternate": {
            "non-ignorable": "Ταξινόμηση συμβόλων",
            "shifted": "Ταξινόμηση με αγνόηση συμβόλων"
          },
          "colBackwards": {
            "no": "Κανονικά ταξινόμηση τόνων",
            "yes": "Αντίστροφη ταξινόμηση τόνων"
          },
          "colCaseFirst": {
            "lower": "Ταξινόμηση πεζών χαρακτήρων πρώτα",
            "no": "Κανονική ταξινόμηση χαρακτήρων",
            "upper": "Ταξινόμηση κεφαλαίων χαρακτήρων πρώτα"
          },
          "colCaseLevel": {
            "no": "Ταξινόμηση με διάκριση χαρακτήρων",
            "yes": "Ταξινόμηση χαρακτήρων διάκρισης"
          },
          "colHiraganaQuaternary": {
            "no": "Ξεχωριστή ταξινόμηση χαρακτήρων Κάνα",
            "yes": "Διαφορετική ταξινόμηση Κάνα"
          },
          "colNormalization": {
            "no": "Ταξινόμηση χωρίς κανονικοποίηση",
            "yes": "Κανονικοποιημένη ταξινόμηση Unicode"
          },
          "colNumeric": {
            "no": "Μεμονωμένη ταξινόμηση ψηφίων",
            "yes": "Αριθμητική ταξινόμηση ψηφίων"
          },
          "colStrength": {
            "identical": "Ταξινόμηση όλων",
            "primary": "Ταξινόμηση μόνο βασικών χαρακτήρων",
            "quaternary": "Ταξινόμηση τόνων/χαρακτήρων διάκρισης/χαρακτήρων μεγάλου μεγέθους/χαρακτήρων Κάνα",
            "secondary": "Ταξινόμηση τόνων",
            "tertiary": "Ταξινόμηση τόνων/χαρακτήρων διάκρισης/χαρακτήρων μεγάλου μεγέθους"
          },
          "collation": {
            "big5han": "Σειρά ταξινόμησης Παραδοσιακών Κινεζικών - Big5",
            "dictionary": "Σειρά ταξινόμησης ημερολογίου",
            "ducet": "Προεπιλεγμένη σειρά ταξινόμησης Unicode",
            "eor": "eor",
            "gb2312han": "Σειρά ταξινόμησης Απλουστευμένων Κινεζικών - GB2312",
            "phonebook": "Σειρά ταξινόμησης τηλεφωνικού καταλόγου",
            "phonetic": "Φωνητική σειρά ταξινόμησης",
            "pinyin": "Σειρά ταξινόμησης Πινγίν",
            "reformed": "Ανασχηματισμένη σειρά ταξινόμησης",
            "search": "Αναζήτηση γενικού τύπου",
            "searchjl": "Αναζήτηση κατά αρχικό σύμφωνο Χανγκούλ",
            "standard": "Τυπική σειρά ταξινόμησης",
            "stroke": "Σειρά ταξινόμησης κινήσεων",
            "traditional": "Παραδοσιακή σειρά ταξινόμησης",
            "unihan": "Σειρά ταξινόμησης ριζικής αρίθμησης",
            "zhuyin": "zhuyin"
          },
          "numbers": {
            "arab": "Αραβικό-Ινδικά ψηφία",
            "arabext": "Εκτεταμένα αραβικό-ινδικά ψηφία",
            "armn": "Αρμενικά αριθμητικά",
            "armnlow": "Πεζά αρμενικά αριθμητικά",
            "bali": "bali",
            "beng": "Βεγγαλικά ψηφία",
            "brah": "brah",
            "cakm": "cakm",
            "cham": "cham",
            "deva": "Ψηφία Ντεβαναγκάρι",
            "ethi": "Αιθιοπικά αριθμητικά",
            "finance": "Οικονομικά αριθμητικά",
            "fullwide": "Ψηφία πλήρους πλάτους",
            "geor": "Γεωργιανά αριθμητικά",
            "grek": "Ελληνικά αριθμητικά",
            "greklow": "Ελληνικά αριθμητικά με πεζά γράμματα",
            "gujr": "Γκουτζαρατικά ψηφία",
            "guru": "Ψηφία Γκουρμούκι",
            "hanidec": "Κινεζικά δεκαδικά αριθμητικά",
            "hans": "Απλοποιημένα κινεζικά αριθμητικά",
            "hansfin": "Απλοποιημένα κινεζικά οικονομικά αριθμητικά",
            "hant": "Παραδοσιακά κινεζικά αριθμητικά",
            "hantfin": "Παραδοσιακά κινεζικά οικονομικά αριθμητικά",
            "hebr": "Εβραϊκά αριθμητικά",
            "java": "java",
            "jpan": "Ιαπωνικά αριθμητικά",
            "jpanfin": "Ιαπωνικά οικονομικά αριθμητικά",
            "kali": "kali",
            "khmr": "Ψηφία Χμερ",
            "knda": "Ψηφία Κανάντα",
            "lana": "lana",
            "lanatham": "lanatham",
            "laoo": "Λαοϊκά ψηφία",
            "latn": "Ψηφία της Δύσης",
            "lepc": "lepc",
            "limb": "limb",
            "mlym": "Μαλαγιαλαμικά ψηφία",
            "mong": "Μογγολικά ψηφία",
            "mtei": "mtei",
            "mymr": "Ψηφία Μιανμάρ",
            "mymrshan": "mymrshan",
            "native": "Εγγενή ψηφία",
            "nkoo": "nkoo",
            "olck": "olck",
            "orya": "Οριγικά ψηφία",
            "osma": "osma",
            "roman": "Λατινικοί αριθμοί",
            "romanlow": "Πεζοί λατινικοί αριθμοί",
            "saur": "saur",
            "shrd": "shrd",
            "sora": "sora",
            "sund": "sund",
            "takr": "takr",
            "talu": "talu",
            "taml": "Ταμιλικά αριθμητικά",
            "tamldec": "Ταμιλικά ψηφία",
            "telu": "Τελουγκουϊκά ψηφία",
            "thai": "Ταϊλανδικά ψηφία",
            "tibt": "Θιβετανικά ψηφία",
            "traditional": "Παραδοσιακά αριθμητικά",
            "vaii": "Ψηφία Βάι"
          }
        },
        "codePatterns": {
          "language": "Γλώσσα: {0}",
          "script": "Σύστημα γραφής: {0}",
          "territory": "Περιοχή: {0}"
        }
      }
    }
  }
}
