{
  "main": {
    "el": {
      "identity": {
        "version": {
          "_cldrVersion": "27",
          "_number": "$Revision: 11294 $"
        },
        "generation": {
          "_date": "$Date: 2015-02-23 16:50:24 -0600 (Mon, 23 Feb 2015) $"
        },
        "language": "el"
      },
      "localeDisplayNames": {
        "transformNames": {
          "BGN": "BGN",
          "Numeric": "Αριθμητικό",
          "Tone": "Τόνος",
          "UNGEGN": "UNGEGN",
          "x-Accents": "Σημεία τονισμού",
          "x-Fullwidth": "Πλήρους πλάτους",
          "x-Halfwidth": "Μισού πλάτους",
          "x-Jamo": "Τζάμο [Jamo]",
          "x-Pinyin": "Πινγίν",
          "x-Publishing": "Έκδοση"
        }
      }
    }
  }
}
