{
  "main": {
    "bn-IN": {
      "identity": {
        "version": {
          "_cldrVersion": "27",
          "_number": "$Revision: 11169 $"
        },
        "generation": {
          "_date": "$Date: 2015-02-09 16:11:16 -0600 (Mon, 09 Feb 2015) $"
        },
        "language": "bn",
        "territory": "IN"
      },
      "localeDisplayNames": {
        "transformNames": {
          "BGN": "BGN",
          "Numeric": "সাংখিক",
          "Tone": "স্বরভঙ্গি",
          "UNGEGN": "UNGEGN",
          "x-Accents": "অ্যাসেন্টস",
          "x-Fullwidth": "পূর্ণচওড়া",
          "x-Halfwidth": "অর্ধচওড়া",
          "x-Jamo": "জ্যামো",
          "x-Pinyin": "পিনইন",
          "x-Publishing": "প্রকাশনা"
        }
      }
    }
  }
}
