{
  "main": {
    "am": {
      "identity": {
        "version": {
          "_cldrVersion": "27",
          "_number": "$Revision: 11294 $"
        },
        "generation": {
          "_date": "$Date: 2015-02-23 16:50:24 -0600 (Mon, 23 Feb 2015) $"
        },
        "language": "am"
      },
      "localeDisplayNames": {
        "localeDisplayPattern": {
          "localePattern": "{0} ({1})",
          "localeSeparator": "{0},{1}",
          "localeKeyTypePattern": "{0}: {1}"
        },
        "keys": {
          "calendar": "የቀን አቆጣጠር",
          "colAlternate": "የምልክቶች ድርደራ ችላ በለው",
          "colBackwards": "የኋሊዮሽ የፊደል ጭረት ድርደራ",
          "colCaseFirst": "የአቢይ/ንዑስ ሆሄ ቅደም ተከተል",
          "colCaseLevel": "የመልከፊደል ትብ ድርደራ",
          "colHiraganaQuaternary": "የካና ድርደራ",
          "colNormalization": "መደበኛ ድርደራ",
          "colNumeric": "የቁጥር ድርደራ",
          "colStrength": "የድርደራ አቅም",
          "collation": "አቀማመጥ ደርድር",
          "currency": "ገንዘብ",
          "numbers": "ቁጥሮች",
          "timezone": "የሰዓት ሰቅ",
          "va": "የአካባቢ አይነት",
          "variableTop": "እንደምልክቶች ደርድር",
          "x": "ለግል ጥቅም"
        },
        "types": {
          "calendar": {
            "buddhist": "የቡዲስት ቀን አቆጣጠር",
            "chinese": "የቻይና የቀን አቆጣጠር",
            "coptic": "የኮፕቲክ የቀን አቆጣጠር",
            "dangi": "የዳንጊ የቀን አቆጣጠር",
            "ethiopic": "የኢትዮጵያ የቀን አቆጣጠር",
            "ethiopic-amete-alem": "የኢትዮፒክ አመተ አለም የቀን አቆጣጠር",
            "gregorian": "የግሪጎሪያን ቀን አቆጣጠር",
            "hebrew": "የእብራዊያን የቀን አቆጣጠር",
            "indian": "የህንድ ብሔራዊ የቀን አቆጣጠር",
            "islamic": "የእስላማዊ የሰዓት አቆጣጠር",
            "islamic-civil": "የእስላም ህዝባዊ የቀን አቆጣጠር",
            "islamic-rgsa": "islamic-rgsa",
            "islamic-tbla": "islamic-tbla",
            "islamic-umalqura": "islamic-umalqura",
            "iso8601": "ISO-8601 የቀን አቆጣጠር",
            "japanese": "የጃፓን የቀን አቆጣጠር",
            "persian": "የፐርሽያ የቀን አቆጣጠር",
            "roc": "የሚንጉ የቀን አቆጣጠር"
          },
          "colAlternate": {
            "non-ignorable": "ምልክቶችን ደርድር",
            "shifted": "ችላ ባይ ምልክቶችን ደርድር"
          },
          "colBackwards": {
            "no": "የፊደል ጭረቶችን እንደመደበኛ ደርድር",
            "yes": "የፊደል ጭረቶች በኋሊዮሽ ደርድር"
          },
          "colCaseFirst": {
            "lower": "ንዑስ ሆሄ መጀመሪያ ደርድር",
            "no": "መደበኛ የመልከፊደል አቀማመጥ ደርድር",
            "upper": "አቢይ ሆሄ መጀመሪያ ደርድር"
          },
          "colCaseLevel": {
            "no": "ያለመልከፊደል ትብ ደርድር",
            "yes": "በመልከፊደል ትብ ደርድር"
          },
          "colHiraganaQuaternary": {
            "no": "ካና ለይተህ ደርድር",
            "yes": "ካና ለይተህ ደርድር"
          },
          "colNormalization": {
            "no": "ያለመደበኛ ሁኔታ ደርድር",
            "yes": "ዩኒኮድ በመደበኛ ሁኔታ ደርድር"
          },
          "colNumeric": {
            "no": "አሃዞችን በየግል ደርድር",
            "yes": "አሃዞች በቁጥር ደርድር"
          },
          "colStrength": {
            "identical": "ሁሉንም ደርድር",
            "primary": "የመሠረት ፊደላት ብቻ ደርድር",
            "quaternary": "የፊደል ጭረቶች/መልከፊደል/ስፋት/ካና ደርድር",
            "secondary": "የፊደል ጭረቶችን ደርድር",
            "tertiary": "የፊደል ጭረቶች/መልከፊደል/ስፋት ደርድር"
          },
          "collation": {
            "big5han": "የባህላዊ ቻይንኛ የድርድር ቅደም ተከተል - ትልቅ5",
            "dictionary": "የመዝገበ ቃላት የድርድር ቅደም ተከተል",
            "ducet": "የነባሪ ዩኒኮድ የድርድር ቅደም ተከተል",
            "eor": "eor",
            "gb2312han": "የቀለለ የቻይንኛ የድርደራ ቅደም ተከተል - GB2312",
            "phonebook": "የስልክ ደብተር ድርድር ቅደም ተከተል",
            "phonetic": "የፎነቲክ ድርደራ ቅደም ተከተል",
            "pinyin": "ፒንይን የድርድር ቅደም ተከተል",
            "reformed": "ዳግም የተፈጠረ የድርድር ቅደም ተከተል",
            "search": "ለጠቅላላ ጉዳይ ፍለጋ",
            "searchjl": "በሃንጉል የመጀመሪያ ተነባቢ ፈልግ",
            "standard": "መደበኛ",
            "stroke": "የበትር ድርድር ቅደም ተከተል",
            "traditional": "ባህላዊ የድርድር ቅደም ተከተል",
            "unihan": "የመሰረታዊ በትር ድርድር ቅደም ተከተል",
            "zhuyin": "zhuyin"
          },
          "numbers": {
            "arab": "የአረቢክ-ኢንዲክ አሃዞች",
            "arabext": "የተራዘሙ የአረቢክ-ኢንዲክ አሃዞች",
            "armn": "የአርመንኛ ቁጥሮች",
            "armnlow": "የአሜሪካን ንዑስ ሆሄ አሃዞች",
            "bali": "bali",
            "beng": "የቤንጋሊ አሃዞች",
            "brah": "brah",
            "cakm": "cakm",
            "cham": "cham",
            "deva": "የዴቫንጋሪ አሃዞች",
            "ethi": "የኢትዮፒክ ቁጥሮች",
            "finance": "የፋይናንስ ቁጥሮች",
            "fullwide": "የሙሉ ወርድ አሃዞች",
            "geor": "የጆርጂያን ቁጥሮች",
            "grek": "የግሪክ ቁጥሮች",
            "greklow": "የግሪክ ንዑስ ሆሄ ቁጥሮች",
            "gujr": "የጉጃራቲ አሃዞች",
            "guru": "የጉርሙኪ አሃዞች",
            "hanidec": "የቻይንኛ አስርዮሽ ቁጥሮች",
            "hans": "ቀለል ያሉ የቻይንኛ ቁጥሮች",
            "hansfin": "ቀለል ያሉ የቻይንኛ ገንዘብ ነክ ቁጥሮች",
            "hant": "የባህላዊ ቻይንኛ ቁጥሮች",
            "hantfin": "የባህላዊ ቻይንኛ የገንዘብ ነክ ቁጥሮች",
            "hebr": "የእብራይስጥ ቁጥሮች",
            "java": "java",
            "jpan": "የጃፓንኛ ቁጥሮች",
            "jpanfin": "የጃፓንኛ የገንዘብ ነክ ቁጥሮች",
            "kali": "kali",
            "khmr": "የክህመር አሃዞች",
            "knda": "የካንአዳ አሃዞች",
            "lana": "lana",
            "lanatham": "lanatham",
            "laoo": "የላኦ አሃዞች",
            "latn": "የምስራቃዊ አሃዞች",
            "lepc": "lepc",
            "limb": "limb",
            "mlym": "የማላያላምኛ አሃዞች",
            "mong": "የሞንጎልኛ አሃዞች",
            "mtei": "mtei",
            "mymr": "የማያንማር አሃዞች",
            "mymrshan": "mymrshan",
            "native": "ትውልድ አሃዞች",
            "nkoo": "nkoo",
            "olck": "olck",
            "orya": "የኦሪያኛ አሃዞች",
            "osma": "osma",
            "roman": "የሮማን ቁጥሮች",
            "romanlow": "የሮማን ንዑስ ሆሄ ቁጥሮች",
            "saur": "saur",
            "shrd": "shrd",
            "sora": "sora",
            "sund": "sund",
            "takr": "takr",
            "talu": "talu",
            "taml": "ባህላዊ የታሚል ቁጥሮች",
            "tamldec": "የታሚል አሃዞች",
            "telu": "የተልጉ አሃዞች",
            "thai": "የታይ አሃዞች",
            "tibt": "የቲቤታን አሃዞች",
            "traditional": "ተለምዷዊ ቁጥሮች",
            "vaii": "የቫይ አሃዞች"
          }
        },
        "codePatterns": {
          "language": "{0}",
          "script": "{0}",
          "territory": "{0}"
        }
      }
    }
  }
}
