{
  "main": {
    "ar-IQ": {
      "identity": {
        "version": {
          "_cldrVersion": "27",
          "_number": "$Revision: 10669 $"
        },
        "generation": {
          "_date": "$Date: 2014-07-23 16:10:33 -0500 (Wed, 23 Jul 2014) $"
        },
        "language": "ar",
        "territory": "IQ"
      },
      "localeDisplayNames": {
        "localeDisplayPattern": {
          "localePattern": "{0} ({1})",
          "localeSeparator": "{0}، {1}",
          "localeKeyTypePattern": "{0}: {1}"
        },
        "keys": {
          "calendar": "التقويم",
          "colAlternate": "التصنيف بحسب تجاهل الرموز",
          "colBackwards": "التصنيف بحسب اللكنة المعكوسة",
          "colCaseFirst": "الترتيب بحسب الأحرف الكبيرة/الصغيرة",
          "colCaseLevel": "التصنيف بحسب حساسية حالة الأحرف",
          "colHiraganaQuaternary": "التصنيف بحسب الكانا",
          "colNormalization": "التصنيف الموحد",
          "colNumeric": "التصنيف الرقمي",
          "colStrength": "قوة التصنيف",
          "collation": "ترتيب الفرز",
          "currency": "العملة",
          "numbers": "الأرقام",
          "timezone": "المنطقة الزمنية",
          "va": "متغيرات اللغة",
          "variableTop": "تصنيف كرموز",
          "x": "استخدام خاص"
        },
        "types": {
          "calendar": {
            "buddhist": "التقويم البوذي",
            "chinese": "التقويم الصيني",
            "coptic": "التقويم القبطي",
            "dangi": "تقويم دانجي",
            "ethiopic": "التقويم الإثيوبي",
            "ethiopic-amete-alem": "تقويم أميتي أليم الإثيوبي",
            "gregorian": "التقويم الميلادي",
            "hebrew": "التقويم العبري",
            "indian": "التقويم القومي الهندي",
            "islamic": "التقويم الهجري",
            "islamic-civil": "التقويم الإسلامي المدني",
            "islamic-rgsa": "التقويم الإسلامي (مستخدم بالسعودية)",
            "islamic-tbla": "التقويم الإسلامي (مجدول، العصر الفلكي)",
            "islamic-umalqura": "التقويم الإسلامي (أم القرى)",
            "iso8601": "تقويم ISO-8601",
            "japanese": "التقويم الياباني",
            "persian": "التقويم الفارسي",
            "roc": "تقويم مينجو"
          },
          "colAlternate": {
            "non-ignorable": "تصنيف الرموز",
            "shifted": "تصنيف تجاهل الرموز"
          },
          "colBackwards": {
            "no": "تصنيف اللكنات بشكل عادي",
            "yes": "تصنيف اللكنات معكوسة"
          },
          "colCaseFirst": {
            "lower": "تصنيف الأحرف الصغيرة أولاً",
            "no": "ترتيب تصنيف حالة الأحرف الطبيعية",
            "upper": "تصنيف الأحرف الكبيرة أولاً"
          },
          "colCaseLevel": {
            "no": "تصنيف بحسب الأحرف غير الحساسة لحالة الأحرف",
            "yes": "تصنيف بحسب حساسية الأحرف"
          },
          "colHiraganaQuaternary": {
            "no": "تصنيف الكانا بشكل منفصل",
            "yes": "تصنيف الكانا بشكل مختلف"
          },
          "colNormalization": {
            "no": "التصفية بدون تسوية",
            "yes": "تصنيف Unicode طبيعي"
          },
          "colNumeric": {
            "no": "تصنيف الأرقام على حدة",
            "yes": "تصنيف الأرقام بالعدد"
          },
          "colStrength": {
            "identical": "تصنيف الكل",
            "primary": "تصنيف الحروف الأساسية فقط",
            "quaternary": "تصنيف اللكنات/الحالة/العرض/الكانا",
            "secondary": "تصنيف اللكنات",
            "tertiary": "تصنيف اللكنات/الحالة/العرض"
          },
          "collation": {
            "big5han": "ترتيب فرز الصينية التقليدية (Big5)",
            "dictionary": "ترتيب فرز القاموس",
            "ducet": "ترتيب فرز Unicode الافتراضي",
            "eor": "eor",
            "gb2312han": "ترتيب فرز الصينية المبسطة (GB2312)",
            "phonebook": "ترتيب فرز دليل الهاتف",
            "phonetic": "ترتيب الفرز الصوتي",
            "pinyin": "الترتيب الصيني بنيين المبسط",
            "reformed": "ترتيب فرز محسَّن",
            "search": "بحث لأغراض عامة",
            "searchjl": "بحث باستخدام حرف الهانغول الساكن الأول",
            "standard": "ترتيب الفرز القياسي",
            "stroke": "الترتيب الصيني بنيين التقليدي",
            "traditional": "ترتيب تقليدي",
            "unihan": "ترتيب تصنيف الجذر والضغطات",
            "zhuyin": "zhuyin"
          },
          "numbers": {
            "arab": "الأرقام العربية الهندية",
            "arabext": "الأرقام العربية الهندية الممتدة",
            "armn": "الأرقام الأرمينية",
            "armnlow": "الأرقام الأرمينية الصغيرة",
            "bali": "bali",
            "beng": "الأرقام البنغالية",
            "brah": "brah",
            "cakm": "cakm",
            "cham": "cham",
            "deva": "الأرقام الديفانغارية",
            "ethi": "الأرقام الإثيوبية",
            "finance": "الأرقام المالية",
            "fullwide": "أرقام كاملة العرض",
            "geor": "الأرقام الجورجية",
            "grek": "الأرقام اليونانية",
            "greklow": "الأرقام اليونانية الصغيرة",
            "gujr": "الأرقام الغوجاراتية",
            "guru": "الأرقام الغورموخية",
            "hanidec": "الأرقام العشرية الصينية",
            "hans": "الأرقام الصينية المبسطة",
            "hansfin": "الأرقام المالية الصينية المبسطة",
            "hant": "الأرقام الصينية التقليدية",
            "hantfin": "الأرقام المالية الصينية التقليدية",
            "hebr": "الأرقام العبرية",
            "java": "java",
            "jpan": "الأرقام اليابانية",
            "jpanfin": "الأرقام المالية اليابانية",
            "kali": "kali",
            "khmr": "الأرقام الخيمرية",
            "knda": "أرقام الكانادا",
            "lana": "lana",
            "lanatham": "lanatham",
            "laoo": "الأرقام اللاوية",
            "latn": "الأرقام الغربية",
            "lepc": "lepc",
            "limb": "limb",
            "mlym": "الأرقام الملايلامية",
            "mong": "الأرقام المغولية",
            "mtei": "mtei",
            "mymr": "أرقام ميانمار",
            "mymrshan": "mymrshan",
            "native": "الأرقام الأصلية",
            "nkoo": "nkoo",
            "olck": "olck",
            "orya": "أرقام الأوريا",
            "osma": "osma",
            "roman": "الأرقام الرومانية",
            "romanlow": "الأرقام الرومانية الصغيرة",
            "saur": "saur",
            "shrd": "shrd",
            "sora": "sora",
            "sund": "sund",
            "takr": "takr",
            "talu": "talu",
            "taml": "الأرقام التاميلية التقليدية",
            "tamldec": "الأرقام التاميلية",
            "telu": "الأرقام التيلوغوية",
            "thai": "الأرقام التايلاندية",
            "tibt": "الأرقام التبتية",
            "traditional": "أرقام تقليدية",
            "vaii": "أرقام فاي"
          }
        },
        "codePatterns": {
          "language": "اللغة: {0}",
          "script": "نظام الكتابة: {0}",
          "territory": "المنطقة: {0}"
        }
      }
    }
  }
}
