{
  "main": {
    "en-001": {
      "identity": {
        "version": {
          "_cldrVersion": "27",
          "_number": "$Revision: 11290 $"
        },
        "generation": {
          "_date": "$Date: 2015-02-22 04:15:45 -0600 (Sun, 22 Feb 2015) $"
        },
        "language": "en",
        "territory": "001"
      },
      "localeDisplayNames": {
        "transformNames": {
          "BGN": "BGN",
          "Numeric": "Numeric",
          "Tone": "Tone",
          "UNGEGN": "UNGEGN",
          "x-Accents": "Accents",
          "x-Fullwidth": "Fullwidth",
          "x-Halfwidth": "Halfwidth",
          "x-Jamo": "Jamo",
          "x-Pinyin": "Pinyin",
          "x-Publishing": "Publishing"
        }
      }
    }
  }
}
