{
  "main": {
    "bg": {
      "identity": {
        "version": {
          "_cldrVersion": "27",
          "_number": "$Revision: 11294 $"
        },
        "generation": {
          "_date": "$Date: 2015-02-23 16:50:24 -0600 (Mon, 23 Feb 2015) $"
        },
        "language": "bg"
      },
      "localeDisplayNames": {
        "languages": {
          "aa": "афар",
          "ab": "абхазки",
          "ace": "ачински",
          "ach": "аколи",
          "ada": "адангме",
          "ady": "адиге",
          "ae": "авестски",
          "aeb": "aeb",
          "af": "африканс",
          "afh": "африхили",
          "agq": "агем",
          "ain": "айну",
          "ak": "акан",
          "akk": "акадски",
          "akz": "akz",
          "ale": "алеутски",
          "aln": "aln",
          "alt": "южноалтайски",
          "am": "амхарски",
          "an": "арагонски",
          "ang": "староанглийски",
          "anp": "ангика",
          "ar": "арабски",
          "ar-001": "съвременен стандартен арабски",
          "arc": "арамейски",
          "arn": "мапуче",
          "aro": "aro",
          "arp": "арапахо",
          "arq": "arq",
          "arw": "аравак",
          "ary": "ary",
          "arz": "arz",
          "as": "асамски",
          "asa": "асу",
          "ase": "ase",
          "ast": "астурски",
          "av": "аварски",
          "avk": "avk",
          "awa": "авади",
          "ay": "аймара",
          "az": "азербайджански",
          "az-alt-short": "азерски",
          "azb": "azb",
          "ba": "башкирски",
          "bal": "балучи",
          "ban": "балинейски",
          "bar": "bar",
          "bas": "баса",
          "bax": "bax",
          "bbc": "bbc",
          "bbj": "bbj",
          "be": "беларуски",
          "bej": "бея",
          "bem": "бемба",
          "bew": "bew",
          "bez": "бена",
          "bfd": "bfd",
          "bfq": "bfq",
          "bg": "български",
          "bho": "божпури",
          "bi": "бислама",
          "bik": "биколски",
          "bin": "бини",
          "bjn": "bjn",
          "bkm": "bkm",
          "bla": "сиксика",
          "bm": "бамбара",
          "bn": "бенгалски",
          "bo": "тибетски",
          "bpy": "bpy",
          "bqi": "bqi",
          "br": "бретонски",
          "bra": "брадж",
          "brh": "brh",
          "brx": "бодо",
          "bs": "босненски",
          "bss": "bss",
          "bua": "бурятски",
          "bug": "бугински",
          "bum": "bum",
          "byn": "биленски",
          "byv": "byv",
          "ca": "каталонски",
          "cad": "каддо",
          "car": "карибски",
          "cay": "cay",
          "cch": "атсам",
          "ce": "чеченски",
          "ceb": "себуано",
          "cgg": "чига",
          "ch": "чаморо",
          "chb": "чибча",
          "chg": "чагатай",
          "chk": "чуук",
          "chm": "марийски",
          "chn": "жаргон чинуук",
          "cho": "чокто",
          "chp": "чиипувски",
          "chr": "чероки",
          "chy": "чейенски",
          "ckb": "кюрдски (сорани)",
          "co": "корсикански",
          "cop": "коптски",
          "cps": "cps",
          "cr": "крии",
          "crh": "кримскотатарски",
          "cs": "чешки",
          "csb": "кашубски",
          "cu": "църковно славянски",
          "cv": "чувашки",
          "cy": "уелски",
          "da": "датски",
          "dak": "дакотски",
          "dar": "даргва",
          "dav": "таита",
          "de": "немски",
          "de-AT": "австрийски немски",
          "de-CH": "швейцарски горногермански",
          "del": "делауер",
          "den": "слейви",
          "dgr": "догриб",
          "din": "динка",
          "dje": "джерма",
          "doi": "догри",
          "dsb": "долнолужишки",
          "dtp": "dtp",
          "dua": "дуала",
          "dum": "средновековен холандски",
          "dv": "дивехи",
          "dyo": "диола",
          "dyu": "диула",
          "dz": "дзонха",
          "dzg": "dzg",
          "ebu": "ембу",
          "ee": "еве",
          "efi": "ефик",
          "egl": "egl",
          "egy": "египетски",
          "eka": "екажук",
          "el": "гръцки",
          "elx": "еламитски",
          "en": "английски",
          "en-AU": "австралийски английски",
          "en-CA": "канадски английски",
          "en-GB": "британски английски",
          "en-GB-alt-short": "английски (GB)",
          "en-US": "американски английски",
          "en-US-alt-short": "английски (US)",
          "enm": "средновековен английски",
          "eo": "есперанто",
          "es": "испански",
          "es-419": "es_419",
          "es-ES": "es_ES",
          "es-MX": "мексикански испански",
          "esu": "esu",
          "et": "естонски",
          "eu": "баски",
          "ewo": "евондо",
          "ext": "ext",
          "fa": "персийски",
          "fan": "фанг",
          "fat": "фанти",
          "ff": "фула",
          "fi": "фински",
          "fil": "филипински",
          "fit": "fit",
          "fj": "фиджийски",
          "fo": "фарьорски",
          "fon": "фон",
          "fr": "френски",
          "fr-CA": "канадски френски",
          "fr-CH": "швейцарски френски",
          "frc": "frc",
          "frm": "средновековен френски",
          "fro": "старофренски",
          "frp": "frp",
          "frr": "северен фризски",
          "frs": "източен фризски",
          "fur": "фриулиански",
          "fy": "фризийски",
          "ga": "ирландски",
          "gaa": "га",
          "gag": "гагаузки",
          "gan": "gan",
          "gay": "гайо",
          "gba": "гбая",
          "gbz": "gbz",
          "gd": "шотландски галски",
          "gez": "гииз",
          "gil": "гилбертски",
          "gl": "галисийски",
          "glk": "glk",
          "gmh": "средновековен немски",
          "gn": "гуарани",
          "goh": "старовисоконемски",
          "gom": "gom",
          "gon": "гонди",
          "gor": "горонтало",
          "got": "готически",
          "grb": "гребо",
          "grc": "древногръцки",
          "gsw": "швейцарски немски",
          "gu": "гуджарати",
          "guc": "guc",
          "gur": "gur",
          "guz": "гусии",
          "gv": "манкски",
          "gwi": "гвичин",
          "ha": "хауза",
          "hai": "хайда",
          "hak": "hak",
          "haw": "хавайски",
          "he": "иврит",
          "hi": "хинди",
          "hif": "hif",
          "hil": "хилигайнон",
          "hit": "хитски",
          "hmn": "хмонг",
          "ho": "хири моту",
          "hr": "хърватски",
          "hsb": "горнолужишки",
          "hsn": "hsn",
          "ht": "хаитянски",
          "hu": "унгарски",
          "hup": "хупа",
          "hy": "арменски",
          "hz": "хереро",
          "ia": "интерлингва",
          "iba": "ибан",
          "ibb": "ibb",
          "id": "индонезийски",
          "ie": "оксидентал",
          "ig": "игбо",
          "ii": "съчуански и",
          "ik": "инупиак",
          "ilo": "илоко",
          "inh": "ингушетски",
          "io": "идо",
          "is": "исландски",
          "it": "италиански",
          "iu": "инуктитут",
          "izh": "izh",
          "ja": "японски",
          "jam": "jam",
          "jbo": "лоджбан",
          "jgo": "нгомба",
          "jmc": "мачаме",
          "jpr": "еврейско-персийски",
          "jrb": "еврейско-арабски",
          "jut": "jut",
          "jv": "явански",
          "ka": "грузински",
          "kaa": "каракалпашки",
          "kab": "кабилски",
          "kac": "качински",
          "kaj": "жжи",
          "kam": "камба",
          "kaw": "кави",
          "kbd": "кабардиан",
          "kbl": "kbl",
          "kcg": "туап",
          "kde": "маконде",
          "kea": "кабовердиански",
          "ken": "ken",
          "kfo": "коро",
          "kg": "конгоански",
          "kgp": "kgp",
          "kha": "кхаси",
          "kho": "котски",
          "khq": "койра чиини",
          "khw": "khw",
          "ki": "кикую",
          "kiu": "kiu",
          "kj": "кваняма",
          "kk": "казахски",
          "kkj": "kkj",
          "kl": "гренландски",
          "kln": "календжин",
          "km": "кхмерски",
          "kmb": "кимбунду",
          "kn": "каннада",
          "ko": "корейски",
          "koi": "коми-пермяцки",
          "kok": "конкани",
          "kos": "косраен",
          "kpe": "кпеле",
          "kr": "канури",
          "krc": "карачай-балкарски",
          "kri": "kri",
          "krj": "krj",
          "krl": "карелски",
          "kru": "курук",
          "ks": "кашмирски",
          "ksb": "шамбала",
          "ksf": "бафия",
          "ksh": "ksh",
          "ku": "кюрдски",
          "kum": "кумикски",
          "kut": "кутенай",
          "kv": "Коми",
          "kw": "корнуолски",
          "ky": "киргизки",
          "la": "латински",
          "lad": "ладино",
          "lag": "ланги",
          "lah": "лахнда",
          "lam": "ламба",
          "lb": "люксембургски",
          "lez": "лезгински",
          "lfn": "lfn",
          "lg": "ганда",
          "li": "лимбургски",
          "lij": "lij",
          "liv": "liv",
          "lkt": "лакота",
          "lmo": "lmo",
          "ln": "лингала",
          "lo": "лаоски",
          "lol": "монго",
          "loz": "лози",
          "lt": "литовски",
          "ltg": "ltg",
          "lu": "луба катанга",
          "lua": "луба-лулуа",
          "lui": "луисеньо",
          "lun": "лунда",
          "luo": "луо",
          "lus": "лушаи",
          "luy": "луя",
          "lv": "латвийски",
          "lzh": "lzh",
          "lzz": "lzz",
          "mad": "мадурски",
          "maf": "maf",
          "mag": "магахи",
          "mai": "майтхили",
          "mak": "макасар",
          "man": "мандинго",
          "mas": "масайски",
          "mde": "mde",
          "mdf": "мокша",
          "mdr": "мандар",
          "men": "менде",
          "mer": "меру",
          "mfe": "морисиен",
          "mg": "малгашки",
          "mga": "средновековен ирландски",
          "mgh": "макуа мето",
          "mgo": "мета",
          "mh": "маршалезе",
          "mi": "маорски",
          "mic": "микмак",
          "min": "минангбау",
          "mk": "македонски",
          "ml": "малаялам",
          "mn": "монголски",
          "mnc": "манчжурски",
          "mni": "манипури",
          "moh": "мохоук",
          "mos": "моси",
          "mr": "марати",
          "mrj": "mrj",
          "ms": "малайски",
          "mt": "малтийски",
          "mua": "мунданг",
          "mul": "многоезични",
          "mus": "крик",
          "mwl": "мирандийски",
          "mwr": "марвари",
          "mwv": "mwv",
          "my": "бирмански",
          "mye": "mye",
          "myv": "ерзиа",
          "mzn": "mzn",
          "na": "науру",
          "nan": "nan",
          "nap": "неаполитански",
          "naq": "нама",
          "nb": "норвежки букмол",
          "nd": "северен ндебеле",
          "nds": "долносаксонски",
          "ne": "непалски",
          "new": "неварски",
          "ng": "ндонга",
          "nia": "ниас",
          "niu": "ниуеан",
          "njo": "njo",
          "nl": "нидерландски",
          "nl-BE": "фламандски",
          "nmg": "квасио",
          "nn": "норвежки нюношк",
          "nnh": "nnh",
          "no": "норвежки",
          "nog": "ногаи",
          "non": "старонорвежски",
          "nov": "nov",
          "nqo": "нко",
          "nr": "южен ндебеле",
          "nso": "северен сото",
          "nus": "нуер",
          "nv": "навахо",
          "nwc": "класически невари",
          "ny": "чинянджа",
          "nym": "ниамвези",
          "nyn": "нианколе",
          "nyo": "нуоро",
          "nzi": "нзима",
          "oc": "окситански",
          "oj": "оджибва",
          "om": "оромо",
          "or": "ория",
          "os": "осетски",
          "osa": "оседжи",
          "ota": "отомански турски",
          "pa": "пенджабски",
          "pag": "пангасинан",
          "pal": "пехлевийски",
          "pam": "пампанга",
          "pap": "папиаменту",
          "pau": "палауан",
          "pcd": "pcd",
          "pdc": "pdc",
          "pdt": "pdt",
          "peo": "староперсийски",
          "pfl": "pfl",
          "phn": "финикийски",
          "pi": "пали",
          "pl": "полски",
          "pms": "pms",
          "pnt": "pnt",
          "pon": "похнпеиан",
          "prg": "prg",
          "pro": "провансалски",
          "ps": "пущу",
          "ps-alt-variant": "пущунски",
          "pt": "португалски",
          "pt-BR": "pt_BR",
          "pt-PT": "pt_PT",
          "qu": "кечуа",
          "quc": "киче",
          "qug": "qug",
          "raj": "раджастански",
          "rap": "рапа нуи",
          "rar": "рапотонган",
          "rgn": "rgn",
          "rif": "rif",
          "rm": "реторомански",
          "rn": "рунди",
          "ro": "румънски",
          "ro-MD": "молдовски",
          "rof": "ромбо",
          "rom": "цигански език",
          "root": "роот",
          "rtm": "rtm",
          "ru": "руски",
          "rue": "rue",
          "rug": "rug",
          "rup": "арумънски",
          "rw": "киняруанда",
          "rwk": "рва",
          "sa": "санкскритски",
          "sad": "сандве",
          "sah": "якутски",
          "sam": "самаритански арамейски",
          "saq": "самбуру",
          "sas": "сасак",
          "sat": "сантали",
          "saz": "saz",
          "sba": "sba",
          "sbp": "сангу",
          "sc": "сардински",
          "scn": "сицилиански",
          "sco": "шотландски",
          "sd": "синдхи",
          "sdc": "sdc",
          "se": "северносаамски",
          "see": "see",
          "seh": "сена",
          "sei": "sei",
          "sel": "селкуп",
          "ses": "койраборо сени",
          "sg": "санго",
          "sga": "староирландски",
          "sgs": "sgs",
          "sh": "сърбохърватски",
          "shi": "ташелхит",
          "shn": "шан",
          "shu": "shu",
          "si": "синхалски",
          "sid": "сидамо",
          "sk": "словашки",
          "sl": "словенски",
          "sli": "sli",
          "sly": "sly",
          "sm": "самоански",
          "sma": "южносаамски",
          "smj": "луле-саамски",
          "smn": "инари-саамски",
          "sms": "сколт-саамски",
          "sn": "шона",
          "snk": "сонинке",
          "so": "сомалийски",
          "sog": "согдийски",
          "sq": "албански",
          "sr": "сръбски",
          "srn": "сранан тонго",
          "srr": "серер",
          "ss": "суази",
          "ssy": "ssy",
          "st": "сесуто",
          "stq": "stq",
          "su": "сундански",
          "suk": "сукума",
          "sus": "сусу",
          "sux": "шумерски",
          "sv": "шведски",
          "sw": "суахили",
          "swb": "коморски",
          "swc": "конгоански суахили",
          "syc": "класически сирийски",
          "syr": "сирийски",
          "szl": "szl",
          "ta": "тамилски",
          "tcy": "tcy",
          "te": "телугу",
          "tem": "темне",
          "teo": "тесо",
          "ter": "терено",
          "tet": "тетум",
          "tg": "таджикски",
          "th": "тайски",
          "ti": "тигриня",
          "tig": "тигре",
          "tiv": "тив",
          "tk": "туркменски",
          "tkl": "токелайски",
          "tkr": "tkr",
          "tl": "тагалог",
          "tlh": "клингон",
          "tli": "тлингит",
          "tly": "tly",
          "tmh": "тамашек",
          "tn": "тсвана",
          "to": "тонга",
          "tog": "нианса тонга",
          "tpi": "ток писин",
          "tr": "турски",
          "tru": "tru",
          "trv": "trv",
          "ts": "тсонга",
          "tsd": "tsd",
          "tsi": "цимшиански",
          "tt": "татарски",
          "ttt": "ttt",
          "tum": "тумбука",
          "tvl": "тувалуански",
          "tw": "туи",
          "twq": "тасавак",
          "ty": "таитянски",
          "tyv": "тувински",
          "tzm": "централноатласки тамазигт",
          "udm": "удмуртски",
          "ug": "уйгурски",
          "uga": "угаритски",
          "uk": "украински",
          "umb": "умбунду",
          "und": "неопределен",
          "ur": "урду",
          "uz": "узбекски",
          "vai": "ваи",
          "ve": "венда",
          "vec": "vec",
          "vep": "vep",
          "vi": "виетнамски",
          "vls": "vls",
          "vmf": "vmf",
          "vo": "волапюк",
          "vot": "вотик",
          "vro": "vro",
          "vun": "вунджо",
          "wa": "валонски",
          "wae": "wae",
          "wal": "валамо",
          "war": "варай",
          "was": "уашо",
          "wo": "волоф",
          "wuu": "wuu",
          "xal": "калмик",
          "xh": "ксоса",
          "xmf": "xmf",
          "xog": "сога",
          "yao": "яо",
          "yap": "япезе",
          "yav": "yav",
          "ybb": "ybb",
          "yi": "идиш",
          "yo": "йоруба",
          "yrl": "yrl",
          "yue": "кантонски",
          "za": "зуанг",
          "zap": "запотек",
          "zbl": "блис символи",
          "zea": "zea",
          "zen": "зенага",
          "zgh": "стандартен марокански тамазигт",
          "zh": "китайски",
          "zh-Hans": "опростен китайски",
          "zh-Hant": "традиционен китайски",
          "zu": "зулуски",
          "zun": "зуни",
          "zxx": "без лингвистично съдържание",
          "zza": "заза"
        }
      }
    }
  }
}
