{
  "main": {
    "bg": {
      "identity": {
        "version": {
          "_cldrVersion": "27",
          "_number": "$Revision: 11294 $"
        },
        "generation": {
          "_date": "$Date: 2015-02-23 16:50:24 -0600 (Mon, 23 Feb 2015) $"
        },
        "language": "bg"
      },
      "localeDisplayNames": {
        "transformNames": {
          "BGN": "АКГН (BGN)",
          "Numeric": "Цифрови",
          "Tone": "Интонация",
          "UNGEGN": "ГЕСГИООН (UNGEGN)",
          "x-Accents": "Диакритични знаци",
          "x-Fullwidth": "С пълна ширина",
          "x-Halfwidth": "С половин ширина",
          "x-Jamo": "Джамо",
          "x-Pinyin": "Пинин",
          "x-Publishing": "Типографски"
        }
      }
    }
  }
}
