{
  "main": {
    "bs": {
      "identity": {
        "version": {
          "_cldrVersion": "27",
          "_number": "$Revision: 11346 $"
        },
        "generation": {
          "_date": "$Date: 2015-03-05 00:47:17 -0600 (Thu, 05 Mar 2015) $"
        },
        "language": "bs"
      },
      "localeDisplayNames": {
        "languages": {
          "aa": "afarski",
          "ab": "abhazijski",
          "ace": "ačineski",
          "ach": "akoli",
          "ada": "adangmejski",
          "ady": "adigejski",
          "ae": "avestanski",
          "aeb": "aeb",
          "af": "afrikanerski",
          "afh": "afrihili",
          "agq": "aghem",
          "ain": "ainu",
          "ak": "akan",
          "akk": "akadijski",
          "akz": "akz",
          "ale": "aljut",
          "aln": "aln",
          "alt": "južni altai",
          "am": "amharski",
          "an": "aragonežanski",
          "ang": "staroengleski",
          "anp": "angika",
          "ar": "arapski",
          "ar-001": "moderni standardni arapski",
          "arc": "armajski",
          "arn": "araukanski",
          "aro": "aro",
          "arp": "arapaho",
          "arq": "arq",
          "arw": "aravak",
          "ary": "ary",
          "arz": "arz",
          "as": "asemijski",
          "asa": "asu",
          "ase": "ase",
          "ast": "asturijski",
          "av": "avarski",
          "avk": "avk",
          "awa": "avadhi",
          "ay": "ajmara",
          "az": "azerbejdžanski",
          "az-alt-short": "azerski",
          "azb": "azb",
          "ba": "baškirski",
          "bal": "baluči",
          "ban": "balinezijski",
          "bar": "bar",
          "bas": "basa",
          "bax": "bax",
          "bbc": "bbc",
          "bbj": "bbj",
          "be": "bjeloruski",
          "bej": "beja",
          "bem": "bemba",
          "bew": "bew",
          "bez": "bena",
          "bfd": "bfd",
          "bfq": "bfq",
          "bg": "bugarski",
          "bho": "bojpuri",
          "bi": "bislama",
          "bik": "bikol",
          "bin": "bini",
          "bjn": "bjn",
          "bkm": "bkm",
          "bla": "siksika",
          "bm": "bambara",
          "bn": "bengalski",
          "bo": "tibetanski",
          "bpy": "bpy",
          "bqi": "bqi",
          "br": "bretonski",
          "bra": "braj",
          "brh": "brh",
          "brx": "bodo",
          "bs": "bosanski",
          "bss": "bss",
          "bua": "buriat",
          "bug": "buginežanskii",
          "bum": "bum",
          "byn": "blin",
          "byv": "byv",
          "ca": "katalonski",
          "cad": "kado",
          "car": "karipski",
          "cay": "cay",
          "cch": "atsam",
          "ce": "čečenski",
          "ceb": "cebuano",
          "cgg": "čiga",
          "ch": "čamoro",
          "chb": "čibča",
          "chg": "čagatai",
          "chk": "čukeski",
          "chm": "mari",
          "chn": "činukski",
          "cho": "čoktavski",
          "chp": "čipvijanski",
          "chr": "čiroki",
          "chy": "čejenski",
          "ckb": "soranski kurdski",
          "co": "korzikanski",
          "cop": "koptski",
          "cps": "cps",
          "cr": "kri",
          "crh": "krimeanski turski",
          "cs": "češki",
          "csb": "kašubijanski",
          "cu": "staroslovenski",
          "cv": "čuvaški",
          "cy": "cy",
          "da": "danski",
          "dak": "dakota",
          "dar": "dargva",
          "dav": "taita",
          "de": "njemački",
          "de-AT": "austrijski njemački",
          "de-CH": "gornjonjemački (švicarski)",
          "del": "delaver",
          "den": "slavski",
          "dgr": "dogrib",
          "din": "dinka",
          "dje": "zarma",
          "doi": "dogri",
          "dsb": "donjolužičkosrpski",
          "dtp": "dtp",
          "dua": "duala",
          "dum": "srednji holandski",
          "dv": "divehijski",
          "dyo": "jola-fonyi",
          "dyu": "đula",
          "dz": "džonga",
          "dzg": "dzg",
          "ebu": "embu",
          "ee": "eve",
          "efi": "efikski",
          "egl": "egl",
          "egy": "staroegipatski",
          "eka": "ekajuk",
          "el": "grčki",
          "elx": "elamitski",
          "en": "engleski",
          "en-AU": "australski engleski",
          "en-CA": "kanadski engleski",
          "en-GB": "britanski engleski",
          "en-GB-alt-short": "engleski (UK)",
          "en-US": "američki engleski",
          "en-US-alt-short": "engleski (SAD)",
          "enm": "srednji engleski",
          "eo": "esperanto",
          "es": "španski",
          "es-419": "latinoamerički španski",
          "es-ES": "evropski španski",
          "es-MX": "meksički španski",
          "esu": "esu",
          "et": "estonski",
          "eu": "baskijski",
          "ewo": "evondo",
          "ext": "ext",
          "fa": "perzijski",
          "fan": "fang",
          "fat": "fanti",
          "ff": "fulah",
          "fi": "finski",
          "fil": "filipinski",
          "fit": "fit",
          "fj": "fidžijski",
          "fo": "farski",
          "fon": "fon",
          "fr": "francuski",
          "fr-CA": "kanadski francuski",
          "fr-CH": "švajcarski francuski",
          "frc": "frc",
          "frm": "srednji francuski",
          "fro": "starofrancuski",
          "frp": "frp",
          "frr": "severno-frizijski",
          "frs": "istočni frizijski",
          "fur": "friulijski",
          "fy": "frizijski",
          "ga": "irski",
          "gaa": "ga",
          "gag": "gagauški",
          "gan": "gan",
          "gay": "gajo",
          "gba": "gbaja",
          "gbz": "gbz",
          "gd": "škotski galski",
          "gez": "džiz",
          "gil": "gilbertški",
          "gl": "galski",
          "glk": "glk",
          "gmh": "srednji visoki nemački",
          "gn": "gvarani",
          "goh": "staronemački",
          "gom": "gom",
          "gon": "gondi",
          "gor": "gorontalo",
          "got": "gotski",
          "grb": "grebo",
          "grc": "starogrčki",
          "gsw": "švajcarski njemački",
          "gu": "gudžarati",
          "guc": "guc",
          "gur": "gur",
          "guz": "gusii",
          "gv": "manks",
          "gwi": "gwi",
          "ha": "hausa",
          "hai": "haida",
          "hak": "hak",
          "haw": "havajski",
          "he": "hebrejski",
          "hi": "hindi",
          "hif": "hif",
          "hil": "hiligajnon",
          "hit": "hitite",
          "hmn": "hmong",
          "ho": "hiri motu",
          "hr": "hrvatski",
          "hsb": "gornjolužičkosrpski",
          "hsn": "hsn",
          "ht": "haićanski",
          "hu": "mađarski",
          "hup": "hupa",
          "hy": "jermenski",
          "hz": "herero",
          "ia": "interlingva",
          "iba": "iban",
          "ibb": "ibb",
          "id": "indonezijski",
          "ie": "interlingve",
          "ig": "igbo",
          "ii": "sičuan ji",
          "ik": "inupiak",
          "ilo": "iloko",
          "inh": "ingušetski",
          "io": "ido",
          "is": "islandski",
          "it": "italijanski",
          "iu": "inuktitut",
          "izh": "izh",
          "ja": "japanski",
          "jam": "jam",
          "jbo": "lojban",
          "jgo": "ngomba",
          "jmc": "machame",
          "jpr": "judeo-persijski",
          "jrb": "judeo-arapski",
          "jut": "jut",
          "jv": "javanski",
          "ka": "gruzijski",
          "kaa": "kara-kalpaški",
          "kab": "kabile",
          "kac": "kačin",
          "kaj": "žju",
          "kam": "kamba",
          "kaw": "kavi",
          "kbd": "kabardijski",
          "kbl": "kbl",
          "kcg": "tjap",
          "kde": "makonde",
          "kea": "zelenortski",
          "ken": "ken",
          "kfo": "koro",
          "kg": "kongo",
          "kgp": "kgp",
          "kha": "kasi",
          "kho": "kotanizijski",
          "khq": "koyra chiini",
          "khw": "khw",
          "ki": "kikuju",
          "kiu": "kiu",
          "kj": "kuanjama",
          "kk": "kazački",
          "kkj": "kkj",
          "kl": "kalalisutski",
          "kln": "kalenjin",
          "km": "kmerski",
          "kmb": "kimbundu",
          "kn": "kanada",
          "ko": "korejski",
          "koi": "komi-permjački",
          "kok": "konkani",
          "kos": "kosreanski",
          "kpe": "kpele",
          "kr": "kanuri",
          "krc": "karačaj-balkar",
          "kri": "kri",
          "krj": "krj",
          "krl": "karelijski",
          "kru": "kurukh",
          "ks": "kašmiri",
          "ksb": "shambala",
          "ksf": "bafia",
          "ksh": "ksh",
          "ku": "kurdski",
          "kum": "kumik",
          "kut": "kutenai",
          "kv": "komi",
          "kw": "korniški",
          "ky": "kirgiski",
          "la": "latinski",
          "lad": "ladino",
          "lag": "langi",
          "lah": "landa",
          "lam": "lamba",
          "lb": "luksemburški",
          "lez": "lezgian",
          "lfn": "lfn",
          "lg": "ganda",
          "li": "limburgiš",
          "lij": "lij",
          "liv": "liv",
          "lkt": "lakota",
          "lmo": "lmo",
          "ln": "lingala",
          "lo": "laoški",
          "lol": "mongo",
          "loz": "lozi",
          "lt": "litvanski",
          "ltg": "ltg",
          "lu": "luba-katanga",
          "lua": "luba-lulua",
          "lui": "luiseno",
          "lun": "lunda",
          "luo": "luo",
          "lus": "lušai",
          "luy": "luyia",
          "lv": "letonski",
          "lzh": "lzh",
          "lzz": "lzz",
          "mad": "madureški",
          "maf": "maf",
          "mag": "magahi",
          "mai": "maitili",
          "mak": "makasar",
          "man": "mandingo",
          "mas": "masai",
          "mde": "mde",
          "mdf": "mokša",
          "mdr": "mandar",
          "men": "mende",
          "mer": "meru",
          "mfe": "mauricijski kreolski",
          "mg": "malagazijski",
          "mga": "srednji irski",
          "mgh": "makhuwa-meetto",
          "mgo": "meta’",
          "mh": "maršalski",
          "mi": "maorski",
          "mic": "mikmak",
          "min": "minangkabau",
          "mk": "makedonski",
          "ml": "malajalam",
          "mn": "mongolski",
          "mnc": "manču",
          "mni": "manipuri",
          "moh": "mahavski",
          "mos": "mosi",
          "mr": "marati",
          "mrj": "mrj",
          "ms": "malajski",
          "mt": "malteški",
          "mua": "mundang",
          "mul": "više jezika",
          "mus": "kriški",
          "mwl": "mirandeški",
          "mwr": "marvari",
          "mwv": "mwv",
          "my": "burmanski",
          "mye": "mye",
          "myv": "erzija",
          "mzn": "mzn",
          "na": "nauru",
          "nan": "nan",
          "nap": "neapolitanski",
          "naq": "nama",
          "nb": "norveški bokmal",
          "nd": "sjeverni ndebele",
          "nds": "niski nemački",
          "ne": "nepalski",
          "new": "nevari",
          "ng": "ndonga",
          "nia": "nias",
          "niu": "niuean",
          "njo": "njo",
          "nl": "holandski",
          "nl-BE": "flamanski",
          "nmg": "kwasio",
          "nn": "norveški njorsk",
          "nnh": "nnh",
          "no": "norveški",
          "nog": "nogai",
          "non": "stari norski",
          "nov": "nov",
          "nqo": "nko",
          "nr": "južni ndebele",
          "nso": "severni soto",
          "nus": "nuer",
          "nv": "navaho",
          "nwc": "klasični nevari",
          "ny": "njanja",
          "nym": "njamvezi",
          "nyn": "njankole",
          "nyo": "njoro",
          "nzi": "nzima",
          "oc": "provansalski",
          "oj": "ojibva",
          "om": "oromo",
          "or": "orijski",
          "os": "osetski",
          "osa": "osage",
          "ota": "otomanski turski",
          "pa": "pandžabski",
          "pag": "pangasinski",
          "pal": "pahlavi",
          "pam": "pampanga",
          "pap": "papiamento",
          "pau": "palauanski",
          "pcd": "pcd",
          "pdc": "pdc",
          "pdt": "pdt",
          "peo": "staropersijski",
          "pfl": "pfl",
          "phn": "feničanski",
          "pi": "pali",
          "pl": "poljski",
          "pms": "pms",
          "pnt": "pnt",
          "pon": "ponpejski",
          "prg": "prg",
          "pro": "staroprovansalski",
          "ps": "paštunski",
          "ps-alt-variant": "pušto",
          "pt": "portugalski",
          "pt-BR": "pt_BR",
          "pt-PT": "pt_PT",
          "qu": "kvenča",
          "quc": "kiče",
          "qug": "qug",
          "raj": "rađastani",
          "rap": "rapanui",
          "rar": "rarotongan",
          "rgn": "rgn",
          "rif": "rif",
          "rm": "reto-romanski",
          "rn": "rundi",
          "ro": "rumunski",
          "ro-MD": "moldavski",
          "rof": "rombo",
          "rom": "romani",
          "root": "run",
          "rtm": "rtm",
          "ru": "ruski",
          "rue": "rue",
          "rug": "rug",
          "rup": "aromanijski",
          "rw": "kinjarvanda",
          "rwk": "rua",
          "sa": "sanskrit",
          "sad": "sandave",
          "sah": "jakut",
          "sam": "samaritanski aramejski",
          "saq": "samburu",
          "sas": "sasak",
          "sat": "santali",
          "saz": "saz",
          "sba": "sba",
          "sbp": "sangu",
          "sc": "sardinijski",
          "scn": "sicilijanski",
          "sco": "škotski",
          "sd": "sindi",
          "sdc": "sdc",
          "se": "sjeverni sami",
          "see": "see",
          "seh": "sena",
          "sei": "sei",
          "sel": "selkap",
          "ses": "kojraboro seni",
          "sg": "sango",
          "sga": "staroirski",
          "sgs": "sgs",
          "sh": "srpskohrvatski",
          "shi": "tahelhit",
          "shn": "šan",
          "shu": "shu",
          "si": "singaleski",
          "sid": "sidamo",
          "sk": "slovački",
          "sl": "slovenački",
          "sli": "sli",
          "sly": "sly",
          "sm": "samoanski",
          "sma": "južni sami",
          "smj": "lule sami",
          "smn": "inari sami",
          "sms": "skoltski jezik",
          "sn": "šona",
          "snk": "soninke",
          "so": "somalski",
          "sog": "sodžijenski",
          "sq": "albanski",
          "sr": "srpski",
          "srn": "srananski tongo",
          "srr": "serer",
          "ss": "svati",
          "ssy": "ssy",
          "st": "sesoto",
          "stq": "stq",
          "su": "sudanski",
          "suk": "sukuma",
          "sus": "susu",
          "sux": "sumerski",
          "sv": "švedski",
          "sw": "svahili",
          "swb": "swb",
          "swc": "kongoanski swahili",
          "syc": "klasični sirijski",
          "syr": "sirijski",
          "szl": "szl",
          "ta": "tamilski",
          "tcy": "tcy",
          "te": "telugu",
          "tem": "timne",
          "teo": "teso",
          "ter": "tereno",
          "tet": "tetum",
          "tg": "tadžički",
          "th": "tajlandski",
          "ti": "tigrinja",
          "tig": "tigre",
          "tiv": "tiv",
          "tk": "turkmenski",
          "tkl": "tokelau",
          "tkr": "tkr",
          "tl": "tagalski",
          "tlh": "klingonski",
          "tli": "tlingit",
          "tly": "tly",
          "tmh": "tamašek",
          "tn": "tsvana",
          "to": "tonga",
          "tog": "njasa tonga",
          "tpi": "tok pisin",
          "tr": "turski",
          "tru": "tru",
          "trv": "trv",
          "ts": "tsonga",
          "tsd": "tsd",
          "tsi": "tsimšian",
          "tt": "tatarski",
          "ttt": "ttt",
          "tum": "tumbuka",
          "tvl": "tuvalu",
          "tw": "tvi",
          "twq": "tasavak",
          "ty": "tahićanski",
          "tyv": "tuvinijski",
          "tzm": "marokanski tamazigt",
          "udm": "udmurt",
          "ug": "ujgurski",
          "uga": "ugaritski",
          "uk": "ukrajinski",
          "umb": "umbundu",
          "und": "nepoznati ili nevažeći jezik",
          "ur": "urdu",
          "uz": "uzbečki",
          "vai": "vai",
          "ve": "venda",
          "vec": "vec",
          "vep": "vep",
          "vi": "vijetnamski",
          "vls": "vls",
          "vmf": "vmf",
          "vo": "volapük",
          "vot": "votski",
          "vro": "vro",
          "vun": "vunjo",
          "wa": "valun",
          "wae": "wae",
          "wal": "valamo",
          "war": "varej",
          "was": "vašo",
          "wo": "volof",
          "wuu": "wuu",
          "xal": "kalmik",
          "xh": "kosa",
          "xmf": "xmf",
          "xog": "soga",
          "yao": "jao",
          "yap": "japeški",
          "yav": "yav",
          "ybb": "ybb",
          "yi": "jidiš",
          "yo": "jorubanski",
          "yrl": "yrl",
          "yue": "yue",
          "za": "zuang",
          "zap": "zapotečki",
          "zbl": "blisimboli",
          "zea": "zea",
          "zen": "zenaga",
          "zgh": "standardni marokanski tamazigt",
          "zh": "kineski",
          "zh-Hans": "kineski (pojednostavljeni)",
          "zh-Hant": "kineski (tradicionalni)",
          "zu": "zulu",
          "zun": "zuni",
          "zxx": "bez lingvističkog sadržaja",
          "zza": "zaza"
        }
      }
    }
  }
}
