{
  "main": {
    "ar-YE": {
      "identity": {
        "version": {
          "_cldrVersion": "27",
          "_number": "$Revision: 11217 $"
        },
        "generation": {
          "_date": "$Date: 2015-02-17 23:51:09 -0600 (Tue, 17 Feb 2015) $"
        },
        "language": "ar",
        "territory": "YE"
      },
      "localeDisplayNames": {
        "transformNames": {
          "BGN": "بي جي إن",
          "Numeric": "رقمي",
          "Tone": "أسلوب",
          "UNGEGN": "يو إن جي إي جي إن",
          "x-Accents": "اللكنات",
          "x-Fullwidth": "عرض كامل",
          "x-Halfwidth": "نصف العرض",
          "x-Jamo": "جامو",
          "x-Pinyin": "بن يين",
          "x-Publishing": "نشر"
        }
      }
    }
  }
}
