{
  "main": {
    "el-CY": {
      "identity": {
        "version": {
          "_cldrVersion": "27",
          "_number": "$Revision: 11171 $"
        },
        "generation": {
          "_date": "$Date: 2015-02-10 11:03:58 -0600 (Tue, 10 Feb 2015) $"
        },
        "language": "el",
        "territory": "CY"
      },
      "localeDisplayNames": {
        "languages": {
          "aa": "Αφάρ",
          "ab": "Αμπχαζικά",
          "ace": "Αχινίζ",
          "ach": "Ακολί",
          "ada": "Αντάνγκμε",
          "ady": "Αντιγκέα",
          "ae": "Αβεστάν",
          "aeb": "aeb",
          "af": "Αφρικάανς",
          "afh": "Αφριχίλι",
          "agq": "Αγκέμ",
          "ain": "Αϊνού",
          "ak": "Ακάν",
          "akk": "Ακάντιαν",
          "akz": "akz",
          "ale": "Αλούτ",
          "aln": "aln",
          "alt": "Νότια Αλαταϊκά",
          "am": "Αμαρικά",
          "an": "Αραγκονικά",
          "ang": "Παλαιά Αγγλικά",
          "anp": "Ανγκικά",
          "ar": "Αραβικά",
          "ar-001": "Σύγχρονα Τυπικά Αραβικά",
          "arc": "Αραμαϊκά",
          "arn": "Αρουκάνιαν",
          "aro": "aro",
          "arp": "Αράπαχο",
          "arq": "arq",
          "arw": "Αραγουάκ",
          "ary": "ary",
          "arz": "arz",
          "as": "Ασαμεζικά",
          "asa": "Άσου",
          "ase": "ase",
          "ast": "Αστουριανά",
          "av": "Άβαρικ",
          "avk": "avk",
          "awa": "Αγουαντί",
          "ay": "Αϊμάρα",
          "az": "Αζερμπαϊτζανικά",
          "az-alt-short": "Αζερικά",
          "azb": "azb",
          "ba": "Μπασκίρ",
          "bal": "Μπαλούτσι",
          "ban": "Μπαλινίζ",
          "bar": "bar",
          "bas": "Μπάσα",
          "bax": "Μπαμούν",
          "bbc": "bbc",
          "bbj": "Γκομάλα",
          "be": "Λευκορωσικά",
          "bej": "Μπέζα",
          "bem": "Μπέμπα",
          "bew": "bew",
          "bez": "Μπένα",
          "bfd": "Μπαφούτ",
          "bfq": "bfq",
          "bg": "Βουλγαρικά",
          "bho": "Μποζπούρι",
          "bi": "Μπισλάμα",
          "bik": "Μπικόλ",
          "bin": "Μπίνι",
          "bjn": "bjn",
          "bkm": "Κομ",
          "bla": "Σικσίκα",
          "bm": "Μπαμπάρα",
          "bn": "Μπενγκάλι",
          "bo": "Θιβετιανά",
          "bpy": "bpy",
          "bqi": "bqi",
          "br": "Βρετονικά",
          "bra": "Μπρατζ",
          "brh": "brh",
          "brx": "Μπόντο",
          "bs": "Βοσνιακά",
          "bss": "Ακόσι",
          "bua": "Μπουριάτ",
          "bug": "Μπουγκίζ",
          "bum": "Μπουλού",
          "byn": "Μπλιν",
          "byv": "Μεντούμπα",
          "ca": "Καταλανικά",
          "cad": "Κάντο",
          "car": "Καρίμπ",
          "cay": "Καγιούγκα",
          "cch": "Ατσάμ",
          "ce": "Τσέτσνιαν",
          "ceb": "Κεμπουάνο",
          "cgg": "Τσίγκα",
          "ch": "Καμόρρο",
          "chb": "Τσίμπτσα",
          "chg": "Τσαγκατάι",
          "chk": "Τσουκίζι",
          "chm": "Μάρι",
          "chn": "Ιδιωματικά Σινούκ",
          "cho": "Τσοκτάου",
          "chp": "Τσίπιουαν",
          "chr": "Τσερόκι",
          "chy": "Σεγιέν",
          "ckb": "Κουρδικά Σοράνι",
          "co": "Κορσικανικά",
          "cop": "Κοπτικά",
          "cps": "cps",
          "cr": "Κρι",
          "crh": "Τουρκικά Κριμαίας",
          "cs": "Τσεχικά",
          "csb": "Κασούμπιαν",
          "cu": "Εκκλησιαστικά Σλαβικά",
          "cv": "Χουβάς",
          "cy": "Ουαλικά",
          "da": "Δανικά",
          "dak": "Ντακότα",
          "dar": "Ντάργκουα",
          "dav": "Τάιτα",
          "de": "Γερμανικά",
          "de-AT": "Γερμανικά Αυστρίας",
          "de-CH": "Γερμανικά Ελβετίας",
          "del": "Ντέλαγουερ",
          "den": "Σλαβικά",
          "dgr": "Ντόγκριμπ",
          "din": "Ντίνκα",
          "dje": "Ζάρμα",
          "doi": "Ντόγκρι",
          "dsb": "Γλώσσα Κάτω Λουσατίας",
          "dtp": "dtp",
          "dua": "Ντουάλα",
          "dum": "Μέσα Ολλανδικά",
          "dv": "Ντιβέχι",
          "dyo": "Τζόλα-Φόνι",
          "dyu": "Ντογιούλα",
          "dz": "Ντζόνγκχα",
          "dzg": "Νταζάγκα",
          "ebu": "Έμπου",
          "ee": "Γι",
          "efi": "Εφίκ",
          "egl": "egl",
          "egy": "Αρχαία Αιγυπτιακά",
          "eka": "Εκατζούκ",
          "el": "Ελληνικά",
          "elx": "Ελαμάιτ",
          "en": "Αγγλικά",
          "en-AU": "Αγγλικά Αυστραλίας",
          "en-CA": "Αγγλικά Καναδά",
          "en-GB": "Αγγλικά Ηνωμένου Βασιλείου",
          "en-GB-alt-short": "Αγγλικά ΗΒ",
          "en-US": "Αγγλικά Αμερικής",
          "en-US-alt-short": "Αγγλικά ΗΠΑ",
          "enm": "Μέσα Αγγλικά",
          "eo": "Εσπεράντο",
          "es": "Ισπανικά",
          "es-419": "Ισπανικά Λατινικής Αμερικής",
          "es-ES": "Ισπανικά Ευρώπης",
          "es-MX": "Ισπανικά Μεξικού",
          "esu": "esu",
          "et": "Εσθονικά",
          "eu": "Βασκικά",
          "ewo": "Εγουόντο",
          "ext": "ext",
          "fa": "Περσικά",
          "fan": "Φανγκ",
          "fat": "Φάντι",
          "ff": "Φουλάχ",
          "fi": "Φινλανδικά",
          "fil": "Φιλιππινεζικά",
          "fit": "fit",
          "fj": "Φίτζι",
          "fo": "Φαρόε",
          "fon": "Φον",
          "fr": "Γαλλικά",
          "fr-CA": "Γαλλικά Καναδά",
          "fr-CH": "Γαλλικά Ελβετίας",
          "frc": "frc",
          "frm": "Μέσα Γαλλικά",
          "fro": "Παλαιά Γαλλικά",
          "frp": "frp",
          "frr": "Βόρεια Φριζιανά",
          "frs": "Ανατολικά Φριζιανά",
          "fur": "Φριούλιαν",
          "fy": "Δυτικά Φριζιανά",
          "ga": "Ιρλανδικά",
          "gaa": "Γκα",
          "gag": "Γκαγκάουζ",
          "gan": "gan",
          "gay": "Γκάγιο",
          "gba": "Γκμπάγια",
          "gbz": "gbz",
          "gd": "Σκωτικά Κελτικά",
          "gez": "Γκιζ",
          "gil": "Γκιλμπερτίζ",
          "gl": "Γαλικιανά",
          "glk": "glk",
          "gmh": "Μέσα Άνω Γερμανικά",
          "gn": "Γκουαρανί",
          "goh": "Παλαιά Άνω Γερμανικά",
          "gom": "gom",
          "gon": "Γκόντι",
          "gor": "Γκοροντάλο",
          "got": "Γοτθικά",
          "grb": "Γκρίμπο",
          "grc": "Αρχαία Ελληνικά",
          "gsw": "Ελβετικά Γερμανικά",
          "gu": "Γκουγιαράτι",
          "guc": "guc",
          "gur": "gur",
          "guz": "Γκούσι",
          "gv": "Μανξ",
          "gwi": "Γκουίτσιν",
          "ha": "Χάουσα",
          "hai": "Χάιντα",
          "hak": "hak",
          "haw": "Χαβανεζικά",
          "he": "Εβραϊκά",
          "hi": "Χίντι",
          "hif": "hif",
          "hil": "Χιλιγκαγιόν",
          "hit": "Χιτίτε",
          "hmn": "Χμονγκ",
          "ho": "Χίρι Μότου",
          "hr": "Κροατικά",
          "hsb": "Γλώσσα Άνω Λουσατίας",
          "hsn": "hsn",
          "ht": "Αϊτιανά",
          "hu": "Ουγγρικά",
          "hup": "Χούπα",
          "hy": "Αρμενικά",
          "hz": "Χερέρο",
          "ia": "Ιντερλίνγκουα",
          "iba": "Ιμπάν",
          "ibb": "Ιμπίμπιο",
          "id": "Ινδονησιακά",
          "ie": "Ιντερλίνγκουε",
          "ig": "Ίγκμπο",
          "ii": "Σικουάν Γι",
          "ik": "Ινουπιάκ",
          "ilo": "Ιλόκο",
          "inh": "Ινγκούς",
          "io": "Ίντο",
          "is": "Ισλανδικά",
          "it": "Ιταλικά",
          "iu": "Ινουκτιτούτ",
          "izh": "izh",
          "ja": "Ιαπωνικά",
          "jam": "jam",
          "jbo": "Λόζμπαν",
          "jgo": "Νγκόμπα",
          "jmc": "Μάχαμε",
          "jpr": "Ιουδαϊκά-Περσικά",
          "jrb": "Ιουδαϊκά-Αραβικά",
          "jut": "jut",
          "jv": "Ιαβανεζικά",
          "ka": "Γεωργιανά",
          "kaa": "Κάρα-Καλπάκ",
          "kab": "Καμπίλε",
          "kac": "Κατσίν",
          "kaj": "Τζου",
          "kam": "Κάμπα",
          "kaw": "Κάουι",
          "kbd": "Καμπαρντιανά",
          "kbl": "Κανέμπου",
          "kcg": "Τουάπ",
          "kde": "Μακόντε",
          "kea": "Γλώσσα του Πράσινου Ακρωτηρίου",
          "ken": "ken",
          "kfo": "Κόρο",
          "kg": "Κονγκό",
          "kgp": "kgp",
          "kha": "Κάσι",
          "kho": "Κοτανικά",
          "khq": "Κόιρα Τσίνι",
          "khw": "khw",
          "ki": "Κικούγιου",
          "kiu": "kiu",
          "kj": "Κουανιγιάμα",
          "kk": "Καζακικά",
          "kkj": "Κάκο",
          "kl": "Καλαάλισουτ",
          "kln": "Καλεντζίν",
          "km": "Καμποτζιανά",
          "kmb": "Κιμπούντου",
          "kn": "Κανάντα",
          "ko": "Κορεατικά",
          "koi": "Κόμι-Περμιάκ",
          "kok": "Κονκάνι",
          "kos": "Κοσραενικά",
          "kpe": "Κπέλε",
          "kr": "Κανούρι",
          "krc": "Καρατσάι-Μπαλκάρ",
          "kri": "kri",
          "krj": "krj",
          "krl": "Καρελιακά",
          "kru": "Κουρούχ",
          "ks": "Κασμίρι",
          "ksb": "Σάμπαλα",
          "ksf": "Μπάφια",
          "ksh": "Κολωνικά",
          "ku": "Κουρδικά",
          "kum": "Κουμγιούκ",
          "kut": "Κουτενάι",
          "kv": "Κόμι",
          "kw": "Κόρνις",
          "ky": "Κυργιζικά",
          "la": "Λατινικά",
          "lad": "Λαδίνο",
          "lag": "Λάνγκι",
          "lah": "Λάχδα",
          "lam": "Λάμπα",
          "lb": "Λουξεμβουργιανά",
          "lez": "Λαζγκιάν",
          "lfn": "lfn",
          "lg": "Γκάντα",
          "li": "Λιμβουργιανά",
          "lij": "lij",
          "liv": "liv",
          "lkt": "Λακότα",
          "lmo": "lmo",
          "ln": "Λινγκάλα",
          "lo": "Λαοθιανά",
          "lol": "Μόνγκο",
          "loz": "Λόζι",
          "lt": "Λιθουανικά",
          "ltg": "ltg",
          "lu": "Λούμπα-Κατάνγκα",
          "lua": "Λούμπα-Λουλούα",
          "lui": "Λουισένο",
          "lun": "Λούντα",
          "luo": "Λούο",
          "lus": "Λουσάι",
          "luy": "Λουχία",
          "lv": "Λετονικά",
          "lzh": "lzh",
          "lzz": "lzz",
          "mad": "Μαντουρίζ",
          "maf": "Μάφα",
          "mag": "Μαγκάχι",
          "mai": "Μαϊτχίλι",
          "mak": "Μακαζάρ",
          "man": "Μαντίνγκο",
          "mas": "Μασάι",
          "mde": "Μάμπα",
          "mdf": "Μόκσα",
          "mdr": "Μανδάρ",
          "men": "Μέντε",
          "mer": "Μερού",
          "mfe": "Μορίσιεν",
          "mg": "Μαλαγάσι",
          "mga": "Μέσα Ιρλανδικά",
          "mgh": "Μακούβα-Μέτο",
          "mgo": "Μετά",
          "mh": "Μάρσαλ",
          "mi": "Μάορι",
          "mic": "Μικμάκ",
          "min": "Μινανγκαμπάου",
          "mk": "Σλαβομακεδονικά",
          "ml": "Μαλαγιαλάμ",
          "mn": "Μογγολικά",
          "mnc": "Μαντσού",
          "mni": "Μανιπούρι",
          "moh": "Μοχόκ",
          "mos": "Μόσι",
          "mr": "Μαράθι",
          "mrj": "mrj",
          "ms": "Μαλάι",
          "mt": "Μαλτεζικά",
          "mua": "Μουντάνγκ",
          "mul": "Πολλαπλές γλώσσες",
          "mus": "Κρικ",
          "mwl": "Μιραντεζικά",
          "mwr": "Μαργουάρι",
          "mwv": "mwv",
          "my": "Βιρμανικά",
          "mye": "Μιένε",
          "myv": "Έρζυα",
          "mzn": "mzn",
          "na": "Ναούρου",
          "nan": "nan",
          "nap": "Ναπολιτανικά",
          "naq": "Νάμα",
          "nb": "Νορβηγικά Μποκμάλ",
          "nd": "Ντεμπέλε Βορρά",
          "nds": "Κάτω Γερμανικά",
          "ne": "Νεπάλι",
          "new": "Νεγουάρι",
          "ng": "Ντόνγκα",
          "nia": "Νίας",
          "niu": "Νιούεαν",
          "njo": "njo",
          "nl": "Ολλανδικά",
          "nl-BE": "Φλαμανδικά",
          "nmg": "Κβάσιο",
          "nn": "Νορβηγικά Νινόρσκ",
          "nnh": "Νγκιεμπούν",
          "no": "Νορβηγικά",
          "nog": "Νογκάι",
          "non": "Παλαιά Νορβηγικά",
          "nov": "nov",
          "nqo": "Ν’Κο",
          "nr": "Ντεμπέλε Νότου",
          "nso": "Βόρεια Σόθο",
          "nus": "Νουέρ",
          "nv": "Νάβαχο",
          "nwc": "Κλασικά Νεουάρι",
          "ny": "Νιάντζα",
          "nym": "Νιαμγουέζι",
          "nyn": "Νιανκόλε",
          "nyo": "Νιόρο",
          "nzi": "Νζίμα",
          "oc": "Οκσιτανικά",
          "oj": "Οζιβίγουα",
          "om": "Ορόμο",
          "or": "Ορίγια",
          "os": "Οσετικά",
          "osa": "Οσάζ",
          "ota": "Οθωμανικά Τουρκικά",
          "pa": "Παντζαπικά",
          "pag": "Πανγκασινάν",
          "pal": "Παχλάβι",
          "pam": "Παμπάνγκα",
          "pap": "Παπιαμέντο",
          "pau": "Παλάουαν",
          "pcd": "pcd",
          "pdc": "pdc",
          "pdt": "pdt",
          "peo": "Αρχαία Περσικά",
          "pfl": "pfl",
          "phn": "Φοινικικά",
          "pi": "Πάλι",
          "pl": "Πολωνικά",
          "pms": "pms",
          "pnt": "pnt",
          "pon": "Ποχπέιαν",
          "prg": "prg",
          "pro": "Παλαιά Προβενσιάλ",
          "ps": "Πάστο",
          "pt": "Πορτογαλικά",
          "pt-BR": "Πορτογαλικά Βραζιλίας",
          "pt-PT": "Πορτογαλικά Ευρώπης",
          "qu": "Κετσούα",
          "quc": "Κισέ",
          "qug": "qug",
          "raj": "Ραζασθάνι",
          "rap": "Ραπανούι",
          "rar": "Ραροτονγκάν",
          "rgn": "rgn",
          "rif": "rif",
          "rm": "Ρομανικά",
          "rn": "Ρούντι",
          "ro": "Ρουμανικά",
          "ro-MD": "Μολδαβικά",
          "rof": "Ρόμπο",
          "rom": "Ρομανί",
          "root": "Ρουτ",
          "rtm": "rtm",
          "ru": "Ρωσικά",
          "rue": "rue",
          "rug": "rug",
          "rup": "Αρομανικά",
          "rw": "Κινιαρβάντα",
          "rwk": "Ρουά",
          "sa": "Σανσκριτικά",
          "sad": "Σαντάγουε",
          "sah": "Γιακούτ",
          "sam": "Σαμαρίτικα Αραμαϊκά",
          "saq": "Σαμπούρου",
          "sas": "Σασάκ",
          "sat": "Σαντάλι",
          "saz": "saz",
          "sba": "Νγκαμπέι",
          "sbp": "Σάνγκου",
          "sc": "Σαρδινικά",
          "scn": "Σικελιανά",
          "sco": "Σκωτικά",
          "sd": "Σίντι",
          "sdc": "sdc",
          "se": "Βόρεια Σάμι",
          "see": "Σένεκα",
          "seh": "Σένα",
          "sei": "sei",
          "sel": "Σελκούπ",
          "ses": "Κοϊραμπόρο Σένι",
          "sg": "Σάνγκο",
          "sga": "Παλαιά Ιρλανδικά",
          "sgs": "sgs",
          "sh": "Σερβοκροατικά",
          "shi": "Τασελχίτ",
          "shn": "Σαν",
          "shu": "Αραβικά του Τσαντ",
          "si": "Σινχαλεζικά",
          "sid": "Σιντάμο",
          "sk": "Σλοβακικά",
          "sl": "Σλοβενικά",
          "sli": "sli",
          "sly": "sly",
          "sm": "Σαμόαν",
          "sma": "Νότια Σάμι",
          "smj": "Λούλε Σάμι",
          "smn": "Ινάρι Σάμι",
          "sms": "Σκολτ Σάμι",
          "sn": "Σχόνα",
          "snk": "Σονίνκε",
          "so": "Σομάλι",
          "sog": "Σογκντιέν",
          "sq": "Αλβανικά",
          "sr": "Σερβικά",
          "srn": "Σρανάρ Τόνγκο",
          "srr": "Σερέρ",
          "ss": "Σουάτι",
          "ssy": "Σάχο",
          "st": "Νότια Σόθο",
          "stq": "stq",
          "su": "Σουδανικά",
          "suk": "Σουκούμα",
          "sus": "Σούσου",
          "sux": "Σουμερικά",
          "sv": "Σουηδικά",
          "sw": "Σουαχίλι",
          "swb": "Κομόρρια",
          "swc": "Κονγκό Σουαχίλι",
          "syc": "Κλασικά Συριακά",
          "syr": "Συριακά",
          "szl": "szl",
          "ta": "Ταμίλ",
          "tcy": "tcy",
          "te": "Τελούγκου",
          "tem": "Τίμνε",
          "teo": "Τέσο",
          "ter": "Τερένο",
          "tet": "Τέτουμ",
          "tg": "Τατζίκ",
          "th": "Ταϊλανδικά",
          "ti": "Τιγκρίνυα",
          "tig": "Τίγκρε",
          "tiv": "Τιβ",
          "tk": "Τουρκμενικά",
          "tkl": "Τοκελάου",
          "tkr": "tkr",
          "tl": "Ταγκαλόγκ",
          "tlh": "Κλίνγκον",
          "tli": "Τλίνγκιτ",
          "tly": "tly",
          "tmh": "Ταμασέκ",
          "tn": "Τσιγουάνα",
          "to": "Τονγκανικά",
          "tog": "Νιάσα Τόνγκα",
          "tpi": "Τοκ Πισίν",
          "tr": "Τουρκικά",
          "tru": "tru",
          "trv": "Ταρόκο",
          "ts": "Τσόνγκα",
          "tsd": "tsd",
          "tsi": "Τσίμσιαν",
          "tt": "Τατάρ",
          "ttt": "ttt",
          "tum": "Τουμπούκα",
          "tvl": "Τουβαλού",
          "tw": "Τούι",
          "twq": "Τασαβάκ",
          "ty": "Ταϊτιανά",
          "tyv": "Τουβίνιαν",
          "tzm": "Ταμαζίτ Κεντρικού Μαρόκο",
          "udm": "Ουντμούρτ",
          "ug": "Ουιγουρικά",
          "ug-alt-variant": "Ουιγκούρ",
          "uga": "Ουγκαρίτικ",
          "uk": "Ουκρανικά",
          "umb": "Ουμπούντου",
          "und": "Άγνωστη γλώσσα",
          "ur": "Ουρντού",
          "uz": "Ουζμπεκικά",
          "vai": "Βάι",
          "ve": "Βένδα",
          "vec": "vec",
          "vep": "vep",
          "vi": "Βιετναμικά",
          "vls": "vls",
          "vmf": "vmf",
          "vo": "Βόλαπικ",
          "vot": "Βότικ",
          "vro": "vro",
          "vun": "Βούντζο",
          "wa": "Γουαλούν",
          "wae": "Βάλσερ",
          "wal": "Γουάλαμο",
          "war": "Γουάρει",
          "was": "Γουασό",
          "wo": "Γουόλοφ",
          "wuu": "wuu",
          "xal": "Καλμίκ",
          "xh": "Ζόσα",
          "xmf": "xmf",
          "xog": "Σόγκα",
          "yao": "Γιάο",
          "yap": "Γιαπίζ",
          "yav": "Γιανγκμπέν",
          "ybb": "Γιέμπα",
          "yi": "Γίντις",
          "yo": "Γιορούμπα",
          "yrl": "yrl",
          "yue": "Καντονέζικα",
          "za": "Ζουάνγκ",
          "zap": "Ζάποτεκ",
          "zbl": "Σύμβολα Bliss",
          "zea": "zea",
          "zen": "Ζενάγκα",
          "zgh": "Τυπικά Ταμαζίγκτ Μαρόκου",
          "zh": "Κινεζικά",
          "zh-Hans": "Απλοποιημένα Κινεζικά",
          "zh-Hant": "Παραδοσιακά Κινεζικά",
          "zu": "Ζουλού",
          "zun": "Ζούνι",
          "zxx": "Χωρίς γλωσσολογικό περιεχόμενο",
          "zza": "Ζάζα"
        }
      }
    }
  }
}
