{
  "main": {
    "el-CY": {
      "identity": {
        "version": {
          "_cldrVersion": "27",
          "_number": "$Revision: 11171 $"
        },
        "generation": {
          "_date": "$Date: 2015-02-10 11:03:58 -0600 (Tue, 10 Feb 2015) $"
        },
        "language": "el",
        "territory": "CY"
      },
      "localeDisplayNames": {
        "territories": {
          "001": "Κόσμος",
          "002": "Αφρική",
          "003": "Βόρεια Αμερική",
          "005": "Νότια Αμερική",
          "009": "Ωκεανία",
          "011": "Δυτική Αφρική",
          "013": "Κεντρική Αμερική",
          "014": "Ανατολική Αφρική",
          "015": "Βόρεια Αφρική",
          "017": "Μέση Αφρική",
          "018": "Νότιος Αφρική",
          "019": "Αμερική",
          "021": "Βόρειος Αμερική",
          "029": "Καραϊβική",
          "030": "Ανατολική Ασία",
          "034": "Νότια Ασία",
          "035": "Νοτιοανατολική Ασία",
          "039": "Νότια Ευρώπη",
          "053": "Αυστραλασία",
          "054": "Μελανησία",
          "057": "Περιοχή Μικρονησίας",
          "061": "Πολυνησία",
          "142": "Ασία",
          "143": "Κεντρική Ασία",
          "145": "Δυτική Ασία",
          "150": "Ευρώπη",
          "151": "Ανατολική Ευρώπη",
          "154": "Βόρεια Ευρώπη",
          "155": "Δυτική Ευρώπη",
          "419": "Λατινική Αμερική",
          "AC": "Νήσος Ασενσιόν",
          "AD": "Ανδόρα",
          "AE": "Ηνωμένα Αραβικά Εμιράτα",
          "AF": "Αφγανιστάν",
          "AG": "Αντίγκουα και Μπαρμπούντα",
          "AI": "Ανγκουίλα",
          "AL": "Αλβανία",
          "AM": "Αρμενία",
          "AN": "Ολλανδικές Αντίλλες",
          "AO": "Ανγκόλα",
          "AQ": "Ανταρκτική",
          "AR": "Αργεντινή",
          "AS": "Αμερικανική Σαμόα",
          "AT": "Αυστρία",
          "AU": "Αυστραλία",
          "AW": "Αρούμπα",
          "AX": "Νήσοι Όλαντ",
          "AZ": "Αζερμπαϊτζάν",
          "BA": "Βοσνία - Ερζεγοβίνη",
          "BB": "Μπαρμπάντος",
          "BD": "Μπανγκλαντές",
          "BE": "Βέλγιο",
          "BF": "Μπουρκίνα Φάσο",
          "BG": "Βουλγαρία",
          "BH": "Μπαχρέιν",
          "BI": "Μπουρούντι",
          "BJ": "Μπενίν",
          "BL": "Άγιος Βαρθολομαίος",
          "BM": "Βερμούδες",
          "BN": "Μπρουνέι",
          "BO": "Βολιβία",
          "BQ": "Ολλανδία Καραϊβικής",
          "BR": "Βραζιλία",
          "BS": "Μπαχάμες",
          "BT": "Μπουτάν",
          "BV": "Νήσος Μπουβέ",
          "BW": "Μποτσουάνα",
          "BY": "Λευκορωσία",
          "BZ": "Μπελίζ",
          "CA": "Καναδάς",
          "CC": "Νήσοι Κόκος (Κίλινγκ)",
          "CD": "Κονγκό - Κινσάσα",
          "CD-alt-variant": "Κονγκό",
          "CF": "Κεντροαφρικανική Δημοκρατία",
          "CG": "Κονγκό - Μπραζαβίλ",
          "CG-alt-variant": "Κονγκό (Δημοκρατία)",
          "CH": "Ελβετία",
          "CI": "Ακτή Ελεφαντοστού",
          "CI-alt-variant": "CI",
          "CK": "Νήσοι Κουκ",
          "CL": "Χιλή",
          "CM": "Καμερούν",
          "CN": "Κίνα",
          "CO": "Κολομβία",
          "CP": "Νήσος Κλίπερτον",
          "CR": "Κόστα Ρίκα",
          "CU": "Κούβα",
          "CV": "Πράσινο Ακρωτήριο",
          "CW": "Κουρασάο",
          "CX": "Νήσος των Χριστουγέννων",
          "CY": "Κύπρος",
          "CZ": "Τσεχική Δημοκρατία",
          "DE": "Γερμανία",
          "DG": "Ντιέγκο Γκαρσία",
          "DJ": "Τζιμπουτί",
          "DK": "Δανία",
          "DM": "Ντομίνικα",
          "DO": "Δομινικανή Δημοκρατία",
          "DZ": "Αλγερία",
          "EA": "Θεούτα και Μελίλα",
          "EC": "Εκουαδόρ",
          "EE": "Εσθονία",
          "EG": "Αίγυπτος",
          "EH": "Δυτική Σαχάρα",
          "ER": "Ερυθραία",
          "ES": "Ισπανία",
          "ET": "Αιθιοπία",
          "EU": "Ευρωπαϊκή Ένωση",
          "FI": "Φινλανδία",
          "FJ": "Φίτζι",
          "FK": "Νήσοι Φόκλαντ",
          "FK-alt-variant": "Νήσοι Φόκλαντ (Νήσοι Μαλβίνας)",
          "FM": "Μικρονησία",
          "FO": "Νήσοι Φερόες",
          "FR": "Γαλλία",
          "GA": "Γκαμπόν",
          "GB": "Ηνωμένο Βασίλειο",
          "GB-alt-short": "Η.Β.",
          "GD": "Γρενάδα",
          "GE": "Γεωργία",
          "GF": "Γαλλική Γουιάνα",
          "GG": "Γκέρνζι",
          "GH": "Γκάνα",
          "GI": "Γιβραλτάρ",
          "GL": "Γροιλανδία",
          "GM": "Γκάμπια",
          "GN": "Γουινέα",
          "GP": "Γουαδελούπη",
          "GQ": "Ισημερινή Γουινέα",
          "GR": "Ελλάδα",
          "GS": "Νήσοι Νότια Γεωργία και Νότιες Σάντουιτς",
          "GT": "Γουατεμάλα",
          "GU": "Γκουάμ",
          "GW": "Γουινέα Μπισάου",
          "GY": "Γουιάνα",
          "HK": "Χονγκ Κονγκ ΕΔΠ Κίνας",
          "HK-alt-short": "Χονγκ Κονγκ",
          "HM": "Νήσοι Χερντ και Μακντόναλντ",
          "HN": "Ονδούρα",
          "HR": "Κροατία",
          "HT": "Αϊτή",
          "HU": "Ουγγαρία",
          "IC": "Κανάριοι Νήσοι",
          "ID": "Ινδονησία",
          "IE": "Ιρλανδία",
          "IL": "Ισραήλ",
          "IM": "Νήσος Μαν",
          "IN": "Ινδία",
          "IO": "Βρετανικά Εδάφη Ινδικού Ωκεανού",
          "IQ": "Ιράκ",
          "IR": "Ιράν",
          "IS": "Ισλανδία",
          "IT": "Ιταλία",
          "JE": "Τζέρζι",
          "JM": "Τζαμάικα",
          "JO": "Ιορδανία",
          "JP": "Ιαπωνία",
          "KE": "Κένυα",
          "KG": "Κιργιστάν",
          "KH": "Καμπότζη",
          "KI": "Κιριμπάτι",
          "KM": "Κομόρες",
          "KN": "Άγιος Χριστόφορος και Νέβις",
          "KP": "Βόρεια Κορέα",
          "KR": "Νότια Κορέα",
          "KW": "Κουβέιτ",
          "KY": "Νήσοι Κάιμαν",
          "KZ": "Καζακστάν",
          "LA": "Λάος",
          "LB": "Λίβανος",
          "LC": "Αγία Λουκία",
          "LI": "Λιχτενστάιν",
          "LK": "Σρι Λάνκα",
          "LR": "Λιβερία",
          "LS": "Λεσότο",
          "LT": "Λιθουανία",
          "LU": "Λουξεμβούργο",
          "LV": "Λετονία",
          "LY": "Λιβύη",
          "MA": "Μαρόκο",
          "MC": "Μονακό",
          "MD": "Μολδαβία",
          "ME": "Μαυροβούνιο",
          "MF": "Άγιος Μαρτίνος (Γαλλικό τμήμα)",
          "MG": "Μαδαγασκάρη",
          "MH": "Νήσοι Μάρσαλ",
          "MK": "ΠΓΔΜ",
          "MK-alt-variant": "Πρώην Γιουγκοσλαβική Δημοκρατία της Μακεδονίας (ΠΓΔΜ)",
          "ML": "Μάλι",
          "MM": "Μιανμάρ/Βιρμανία",
          "MN": "Μογγολία",
          "MO": "Μακάο ΕΔΠ Κίνας",
          "MO-alt-short": "Μακάο",
          "MP": "Νήσοι Βόρειες Μαριάνες",
          "MQ": "Μαρτινίκα",
          "MR": "Μαυριτανία",
          "MS": "Μονσεράτ",
          "MT": "Μάλτα",
          "MU": "Μαυρίκιος",
          "MV": "Μαλδίβες",
          "MW": "Μαλάουι",
          "MX": "Μεξικό",
          "MY": "Μαλαισία",
          "MZ": "Μοζαμβίκη",
          "NA": "Ναμίμπια",
          "NC": "Νέα Καληδονία",
          "NE": "Νίγηρας",
          "NF": "Νήσος Νόρφολκ",
          "NG": "Νιγηρία",
          "NI": "Νικαράγουα",
          "NL": "Ολλανδία",
          "NO": "Νορβηγία",
          "NP": "Νεπάλ",
          "NR": "Ναουρού",
          "NU": "Νιούε",
          "NZ": "Νέα Ζηλανδία",
          "OM": "Ομάν",
          "PA": "Παναμάς",
          "PE": "Περού",
          "PF": "Γαλλική Πολυνησία",
          "PG": "Παπούα Νέα Γουινέα",
          "PH": "Φιλιππίνες",
          "PK": "Πακιστάν",
          "PL": "Πολωνία",
          "PM": "Σεν Πιερ και Μικελόν",
          "PN": "Νήσοι Πίτκερν",
          "PR": "Πουέρτο Ρίκο",
          "PS": "Παλαιστινιακά Εδάφη",
          "PS-alt-short": "Παλαιστίνη",
          "PT": "Πορτογαλία",
          "PW": "Παλάου",
          "PY": "Παραγουάη",
          "QA": "Κατάρ",
          "QO": "Περιφερειακή Ωκεανία",
          "RE": "Ρεϊνιόν",
          "RO": "Ρουμανία",
          "RS": "Σερβία",
          "RU": "Ρωσία",
          "RW": "Ρουάντα",
          "SA": "Σαουδική Αραβία",
          "SB": "Νήσοι Σολομώντος",
          "SC": "Σεϋχέλλες",
          "SD": "Σουδάν",
          "SE": "Σουηδία",
          "SG": "Σιγκαπούρη",
          "SH": "Αγία Ελένη",
          "SI": "Σλοβενία",
          "SJ": "Σβάλμπαρντ και Γιαν Μαγιέν",
          "SK": "Σλοβακία",
          "SL": "Σιέρα Λεόνε",
          "SM": "Άγιος Μαρίνος",
          "SN": "Σενεγάλη",
          "SO": "Σομαλία",
          "SR": "Σουρινάμ",
          "SS": "Νότιο Σουδάν",
          "ST": "Σάο Τομέ και Πρίνσιπε",
          "SV": "Ελ Σαλβαδόρ",
          "SX": "Άγιος Μαρτίνος (Ολλανδικό τμήμα)",
          "SY": "Συρία",
          "SZ": "Σουαζιλάνδη",
          "TA": "Τριστάν ντα Κούνια",
          "TC": "Νήσοι Τερκ και Κάικος",
          "TD": "Τσαντ",
          "TF": "Γαλλικά Νότια Εδάφη",
          "TG": "Τόγκο",
          "TH": "Ταϊλάνδη",
          "TJ": "Τατζικιστάν",
          "TK": "Τοκελάου",
          "TL": "Τιμόρ-Λέστε",
          "TL-alt-variant": "Ανατολικό Τιμόρ",
          "TM": "Τουρκμενιστάν",
          "TN": "Τυνησία",
          "TO": "Τόνγκα",
          "TR": "Τουρκία",
          "TT": "Τρινιντάντ και Τομπάγκο",
          "TV": "Τουβαλού",
          "TW": "Ταϊβάν",
          "TZ": "Τανζανία",
          "UA": "Ουκρανία",
          "UG": "Ουγκάντα",
          "UM": "Απομακρυσμένες Νησίδες Η.Π.Α.",
          "US": "Ηνωμένες Πολιτείες",
          "US-alt-short": "ΗΠΑ",
          "UY": "Ουρουγουάη",
          "UZ": "Ουζμπεκιστάν",
          "VA": "Βατικανό",
          "VC": "Άγιος Βικέντιος και Γρεναδίνες",
          "VE": "Βενεζουέλα",
          "VG": "Βρετανικές Παρθένοι Νήσοι",
          "VI": "Αμερικανικές Παρθένοι Νήσοι",
          "VN": "Βιετνάμ",
          "VU": "Βανουάτου",
          "WF": "Ουάλις και Φουτούνα",
          "WS": "Σαμόα",
          "XK": "Κόσοβο",
          "YE": "Υεμένη",
          "YT": "Μαγιότ",
          "ZA": "Νότια Αφρική",
          "ZM": "Ζάμπια",
          "ZW": "Ζιμπάμπουε",
          "ZZ": "Άγνωστη περιοχή"
        }
      }
    }
  }
}
