{
  "main": {
    "el-CY": {
      "identity": {
        "version": {
          "_cldrVersion": "27",
          "_number": "$Revision: 11171 $"
        },
        "generation": {
          "_date": "$Date: 2015-02-10 11:03:58 -0600 (Tue, 10 Feb 2015) $"
        },
        "language": "el",
        "territory": "CY"
      },
      "localeDisplayNames": {
        "transformNames": {
          "BGN": "BGN",
          "Numeric": "Αριθμητικό",
          "Tone": "Τόνος",
          "UNGEGN": "UNGEGN",
          "x-Accents": "Σημεία τονισμού",
          "x-Fullwidth": "Πλήρους πλάτους",
          "x-Halfwidth": "Μισού πλάτους",
          "x-Jamo": "Τζάμο [Jamo]",
          "x-Pinyin": "Πινγίν",
          "x-Publishing": "Έκδοση"
        }
      }
    }
  }
}
