{
  "main": {
    "ca-FR": {
      "identity": {
        "version": {
          "_cldrVersion": "27",
          "_number": "$Revision: 10669 $"
        },
        "generation": {
          "_date": "$Date: 2014-07-23 16:10:33 -0500 (Wed, 23 Jul 2014) $"
        },
        "language": "ca",
        "territory": "FR"
      },
      "localeDisplayNames": {
        "localeDisplayPattern": {
          "localePattern": "{0} ({1})",
          "localeSeparator": "{0}, {1}",
          "localeKeyTypePattern": "{0}: {1}"
        },
        "keys": {
          "calendar": "calendari",
          "colAlternate": "Ordenació sense tenir en compte els símbols",
          "colBackwards": "Ordenació per accents invertida",
          "colCaseFirst": "Ordenació per majúscules i minúscules",
          "colCaseLevel": "Ordenació per detecció de majúscules",
          "colHiraganaQuaternary": "Ordenació per kana",
          "colNormalization": "Ordenació normalitzada",
          "colNumeric": "Ordenació numèrica",
          "colStrength": "Força de l’ordenació",
          "collation": "ordenació",
          "currency": "moneda",
          "numbers": "xifres",
          "timezone": "Zona horària",
          "va": "Variant local",
          "variableTop": "Ordena com a símbols",
          "x": "ús privat"
        },
        "types": {
          "calendar": {
            "buddhist": "calendari budista",
            "chinese": "calendari xinès",
            "coptic": "calendari copte",
            "dangi": "calendari dangi",
            "ethiopic": "calendari etíop",
            "ethiopic-amete-alem": "calendari etíop amete-alem",
            "gregorian": "calendari gregorià",
            "hebrew": "calendari hebreu",
            "indian": "calendari hindú",
            "islamic": "calendari musulmà",
            "islamic-civil": "calendari civil islàmic",
            "islamic-rgsa": "islamic-rgsa",
            "islamic-tbla": "islamic-tbla",
            "islamic-umalqura": "islamic-umalqura",
            "iso8601": "calendari ISO-8601",
            "japanese": "calendari japonès",
            "persian": "calendari persa",
            "roc": "calendari de la República de Xina"
          },
          "colAlternate": {
            "non-ignorable": "Ordena els símbols",
            "shifted": "Ordena sense tenir en compte els símbols"
          },
          "colBackwards": {
            "no": "Ordena els accents de manera normal",
            "yes": "Ordena amb ordre invers dels accents"
          },
          "colCaseFirst": {
            "lower": "Mostra primer les minúscules",
            "no": "Ordena per tipus de lletra normal",
            "upper": "Ordena amb majúscules primer"
          },
          "colCaseLevel": {
            "no": "Ordena sense distingir majúscules i minúscules",
            "yes": "Ordena amb detecció de majúscules i minúscules"
          },
          "colHiraganaQuaternary": {
            "no": "Ordena els caràcters kana de manera independent",
            "yes": "Ordena els caràcters kana de manera diferent"
          },
          "colNormalization": {
            "no": "Ordena sense normalització",
            "yes": "Ordena per caràcters Unicode normalitzats"
          },
          "colNumeric": {
            "no": "Ordena els dígits individualment",
            "yes": "Ordena els dígits numèricament"
          },
          "colStrength": {
            "identical": "Ordena-ho tot",
            "primary": "Ordena només les lletres de base",
            "quaternary": "Ordena per accents/majúscules/amplada/kana",
            "secondary": "Ordena els accents",
            "tertiary": "Ordena per accent/majúscules/amplada"
          },
          "collation": {
            "big5han": "ordre del xinès tradicional - Big5",
            "dictionary": "ordenació de diccionari",
            "ducet": "ordenació Unicode predeterminada",
            "eor": "normes europees d’ordenació",
            "gb2312han": "ordre del xinès simplificat - GB2312",
            "phonebook": "ordre de la guia telefònica",
            "phonetic": "Ordenació fonètica",
            "pinyin": "ordre pinyin",
            "reformed": "ordenació reformada",
            "search": "cerca de propòsit general",
            "searchjl": "cerca per consonant inicial del hangul",
            "standard": "ordenació estàndard",
            "stroke": "ordre dels traços",
            "traditional": "ordre tradicional",
            "unihan": "ordenació per quantitat de traços radicals",
            "zhuyin": "zhuyin"
          },
          "numbers": {
            "arab": "dígits àrabs i índics",
            "arabext": "dígits àrabs i índics ampliats",
            "armn": "numerals armenis",
            "armnlow": "numerals armenis en minúscules",
            "bali": "dígits balinesos",
            "beng": "dígits bengalins",
            "brah": "brah",
            "cakm": "cakm",
            "cham": "dígits txams",
            "deva": "dígits devanagaris",
            "ethi": "numerals etiòpics",
            "finance": "Numerals financers",
            "fullwide": "dígits d’amplada completa",
            "geor": "numerals georgians",
            "grek": "numerals grecs",
            "greklow": "numerals grecs en minúscules",
            "gujr": "dígits gujarati",
            "guru": "dígits gurmukhi",
            "hanidec": "numerals decimals xinesos",
            "hans": "numerals xinesos simplificats",
            "hansfin": "numerals financers xinesos simplificats",
            "hant": "numerals xinesos tradicionals",
            "hantfin": "numerals financers xinesos tradicionals",
            "hebr": "numerals hebreus",
            "java": "dígits javanesos",
            "jpan": "numerals japonesos",
            "jpanfin": "numerals financers japonesos",
            "kali": "dígits kayah",
            "khmr": "dígits khmer",
            "knda": "dígits kannada",
            "lana": "dígits tai tham hora",
            "lanatham": "dígits tai tham tham",
            "laoo": "dígits lao",
            "latn": "dígits aràbics",
            "lepc": "dígits lepcha",
            "limb": "dígits limbu",
            "mlym": "dígits malaiàlam",
            "mong": "dígits mongols",
            "mtei": "dígits meitei mayek",
            "mymr": "dígits de Myanmar",
            "mymrshan": "dígits shan de Myanmar",
            "native": "Dígits natius",
            "nkoo": "dígits n’ko",
            "olck": "dígits ol chiki",
            "orya": "dígits oriya",
            "osma": "osma",
            "roman": "numerals romans",
            "romanlow": "numerals romans en minúscules",
            "saur": "dígits saurashtra",
            "shrd": "shrd",
            "sora": "sora",
            "sund": "dígits sudanesos",
            "takr": "takr",
            "talu": "dígits tai lue nous",
            "taml": "numerals tamils tradicionals",
            "tamldec": "dígits tamils",
            "telu": "dígits telugu",
            "thai": "dígits thai",
            "tibt": "dígits tibetans",
            "traditional": "Numerals tradicionals",
            "vaii": "dígits vai"
          }
        },
        "codePatterns": {
          "language": "Idioma: {0}",
          "script": "Escriptura: {0}",
          "territory": "Regió: {0}"
        }
      }
    }
  }
}
