{
  "name": "cldr-localenames-modern",
  "version": "27.0.0",
  "dependencies": {
    "cldr-core": "27.0.0"
  },
  "main": "main/**/*.json",
  "ignore": [
    ".gitattributes",
    "README.md"
  ],
  "homepage": "https://github.com/unicode-cldr/cldr-localenames-modern",
  "_release": "27.0.0",
  "_resolution": {
    "type": "version",
    "tag": "27.0.0",
    "commit": "f987b09d05ca84c77be407c4cbe992868d85ecb9"
  },
  "_source": "git://github.com/unicode-cldr/cldr-localenames-modern.git",
  "_target": "~27.0.0",
  "_originalSource": "cldr-localenames-modern",
  "_direct": true
}