{
  "main": {
    "af": {
      "identity": {
        "version": {
          "_cldrVersion": "27",
          "_number": "$Revision: 11294 $"
        },
        "generation": {
          "_date": "$Date: 2015-02-23 16:50:24 -0600 (Mon, 23 Feb 2015) $"
        },
        "language": "af"
      },
      "localeDisplayNames": {
        "transformNames": {
          "BGN": "BGN",
          "Numeric": "Numeries",
          "Tone": "Toon",
          "UNGEGN": "UNGEGN",
          "x-Accents": "Aksente",
          "x-Fullwidth": "Vollewydte",
          "x-Halfwidth": "halfwydte",
          "x-Jamo": "Jamo",
          "x-Pinyin": "Pinyin",
          "x-Publishing": "Publisering"
        }
      }
    }
  }
}
