{
  "main": {
    "af-NA": {
      "identity": {
        "version": {
          "_cldrVersion": "27",
          "_number": "$Revision: 11168 $"
        },
        "generation": {
          "_date": "$Date: 2015-02-06 17:46:28 -0600 (Fri, 06 Feb 2015) $"
        },
        "language": "af",
        "territory": "NA"
      },
      "localeDisplayNames": {
        "transformNames": {
          "BGN": "BGN",
          "Numeric": "Numeries",
          "Tone": "Toon",
          "UNGEGN": "UNGEGN",
          "x-Accents": "Aksente",
          "x-Fullwidth": "Vollewydte",
          "x-Halfwidth": "halfwydte",
          "x-Jamo": "Jamo",
          "x-Pinyin": "Pinyin",
          "x-Publishing": "Publisering"
        }
      }
    }
  }
}
