{
  "main": {
    "az": {
      "identity": {
        "version": {
          "_cldrVersion": "27",
          "_number": "$Revision: 11294 $"
        },
        "generation": {
          "_date": "$Date: 2015-02-23 16:50:24 -0600 (Mon, 23 Feb 2015) $"
        },
        "language": "az"
      },
      "localeDisplayNames": {
        "languages": {
          "aa": "afarca",
          "ab": "abxaz",
          "ace": "akin dili",
          "ach": "akoli dili",
          "ada": "adangme dili",
          "ady": "aduge dili",
          "ae": "avestanca",
          "aeb": "aeb",
          "af": "afrikaans",
          "afh": "afrihili dili",
          "agq": "aqhem",
          "ain": "aynuca",
          "ak": "akanca",
          "akk": "akadianca",
          "akz": "akz",
          "ale": "aleutca",
          "aln": "aln",
          "alt": "cənub altay dili",
          "am": "amhar",
          "an": "aragonca",
          "ang": "qədimi ingiliscə",
          "anp": "angikə dili",
          "ar": "ərəb",
          "ar-001": "Modern Standart Ərəbcə",
          "arc": "aramik dili",
          "arn": "araukanca",
          "aro": "aro",
          "arp": "arapaho dili",
          "arq": "arq",
          "arw": "aravakça",
          "ary": "ary",
          "arz": "arz",
          "as": "assam",
          "asa": "asu",
          "ase": "ase",
          "ast": "asturicə",
          "av": "avarikcə",
          "avk": "avk",
          "awa": "avadicə",
          "ay": "aymarca",
          "az": "azərbaycan",
          "az-alt-short": "azəri",
          "azb": "azb",
          "ba": "başqırd",
          "bal": "baluc dili",
          "ban": "balincə",
          "bar": "bar",
          "bas": "basa dili",
          "bax": "bax",
          "bbc": "bbc",
          "bbj": "bbj",
          "be": "belarus",
          "bej": "beja dili",
          "bem": "bemba",
          "bew": "bew",
          "bez": "bena",
          "bfd": "bfd",
          "bfq": "bfq",
          "bg": "bolqar",
          "bho": "bxoçpuri dili",
          "bi": "bislama dili",
          "bik": "bikolca",
          "bin": "bini dili",
          "bjn": "bjn",
          "bkm": "bkm",
          "bla": "siksikə dili",
          "bm": "bambara",
          "bn": "benqal",
          "bo": "tibet",
          "bpy": "bpy",
          "bqi": "bqi",
          "br": "Bretonca",
          "bra": "braj dili",
          "brh": "brh",
          "brx": "bodo",
          "bs": "bosniak",
          "bss": "bss",
          "bua": "buryat dili",
          "bug": "bugin dili",
          "bum": "bum",
          "byn": "bilincə",
          "byv": "byv",
          "ca": "katalan",
          "cad": "kado dili",
          "car": "karib dili",
          "cay": "cay",
          "cch": "atsamca",
          "ce": "çeçen dili",
          "ceb": "kebuano dili",
          "cgg": "çiqa",
          "ch": "çamoro dili",
          "chb": "çibçə dili",
          "chg": "çağatay dili",
          "chk": "çukiz dili",
          "chm": "mari dili",
          "chn": "çinuk ləhçəsi",
          "cho": "çoktau dili",
          "chp": "çipevyan dili",
          "chr": "çiroki",
          "chy": "çeyen dili",
          "ckb": "sorani kürd",
          "co": "korsika",
          "cop": "kopt dili",
          "cps": "cps",
          "cr": "kri dili",
          "crh": "krım türkçə",
          "cs": "çex",
          "csb": "kaşubyan dili",
          "cu": "kilsə slav dili",
          "cv": "çuvaş dili",
          "cy": "uels",
          "da": "danimarka",
          "dak": "dakota dili",
          "dar": "darqva dili",
          "dav": "taita",
          "de": "alman",
          "de-AT": "Avstriya almancası",
          "de-CH": "İsveçrə yüksək almancası",
          "del": "delaver dili",
          "den": "slavey",
          "dgr": "doqrib dili",
          "din": "dinka dili",
          "dje": "zarma",
          "doi": "doqri dili",
          "dsb": "aşağı sorb",
          "dtp": "dtp",
          "dua": "duala",
          "dum": "ortacaq hollandca",
          "dv": "diveh dili",
          "dyo": "diola",
          "dyu": "dyula dili",
          "dz": "dzonqa",
          "dzg": "dzg",
          "ebu": "embu",
          "ee": "eve",
          "efi": "efik dili",
          "egl": "egl",
          "egy": "qədimi misir dili",
          "eka": "ekacuk dili",
          "el": "yunan",
          "elx": "elamit dili",
          "en": "ingilis",
          "en-AU": "Avstraliya ingiliscəsi",
          "en-CA": "Kanada ingiliscəsi",
          "en-GB": "Britaniya ingiliscəsi",
          "en-GB-alt-short": "ingilis (B.K.)",
          "en-US": "Amerika ingiliscəsi",
          "en-US-alt-short": "ingilis (A.B.Ş.)",
          "enm": "ortacaq ingiliscə",
          "eo": "esperanto",
          "es": "ispan",
          "es-419": "Latın Amerikası ispancası",
          "es-ES": "Kastiliya ispancası",
          "es-MX": "Meksika ispancası",
          "esu": "esu",
          "et": "eston",
          "eu": "bask",
          "ewo": "evondo dili",
          "ext": "ext",
          "fa": "fars",
          "fan": "fang dili",
          "fat": "fanti dili",
          "ff": "fula dili",
          "fi": "fin",
          "fil": "filippin",
          "fit": "fit",
          "fj": "fici",
          "fo": "farer",
          "fon": "fon dili",
          "fr": "fransız",
          "fr-CA": "Kanada fransızcası",
          "fr-CH": "İsveçrə fransızcası",
          "frc": "frc",
          "frm": "ortacaq fransızca",
          "fro": "qədimi fransızca",
          "frp": "frp",
          "frr": "şimal fris dili",
          "frs": "frs",
          "fur": "friul dili",
          "fy": "qərbi friz",
          "ga": "irland",
          "gaa": "qa dili",
          "gag": "qaqauz",
          "gan": "gan",
          "gay": "qayo dili",
          "gba": "qabaya dili",
          "gbz": "gbz",
          "gd": "skot gaelik dili",
          "gez": "qez dili",
          "gil": "qilbert gili",
          "gl": "qalisian",
          "glk": "glk",
          "gmh": "ortacaq yüksək almanca",
          "gn": "quarani",
          "goh": "qədimi almanca",
          "gom": "gom",
          "gon": "qondi dili",
          "gor": "qorontalo dili",
          "got": "gotça",
          "grb": "qrebo dili",
          "grc": "qədimi yunanca",
          "gsw": "İsveçrə almancası",
          "gu": "qucarat",
          "guc": "guc",
          "gur": "gur",
          "guz": "qusi",
          "gv": "manks",
          "gwi": "qviçin dili",
          "ha": "hausa",
          "hai": "hayda dili",
          "hak": "hak",
          "haw": "havay",
          "he": "ivrit",
          "hi": "hindi",
          "hif": "hif",
          "hil": "hiliqaynon dili",
          "hit": "hittit dili",
          "hmn": "monq dili",
          "ho": "hiri motu dili",
          "hr": "xorvat",
          "hsb": "yuxarı sorb",
          "hsn": "hsn",
          "ht": "haiti",
          "hu": "macar",
          "hup": "hupa dili",
          "hy": "erməni",
          "hz": "Herer dili",
          "ia": "interlingua dili",
          "iba": "iban dili",
          "ibb": "ibb",
          "id": "indonez",
          "ie": "interlingue dili",
          "ig": "iqbo",
          "ii": "siçuan yi",
          "ik": "inupiaq dili",
          "ilo": "iloko dili",
          "inh": "inquş dili",
          "io": "ido dili",
          "is": "island",
          "it": "italyan",
          "iu": "inuktitut",
          "izh": "izh",
          "ja": "yapon",
          "jam": "jam",
          "jbo": "loğban dili",
          "jgo": "nqomba",
          "jmc": "maçam",
          "jpr": "judo-farsca",
          "jrb": "jude-ərəbcə",
          "jut": "jut",
          "jv": "yava",
          "ka": "gürcü",
          "kaa": "qara-qalpaq dili",
          "kab": "kabile",
          "kac": "kaçinca",
          "kaj": "ju dili",
          "kam": "kamba",
          "kaw": "kavi dili",
          "kbd": "kabardca",
          "kbl": "kbl",
          "kcg": "tiyap dili",
          "kde": "makond",
          "kea": "kabuverdian",
          "ken": "ken",
          "kfo": "koro dili",
          "kg": "konqo dili",
          "kgp": "kgp",
          "kha": "xazi dili",
          "kho": "xotan dili",
          "khq": "koyra çiini",
          "khw": "khw",
          "ki": "kikuyu",
          "kiu": "kiu",
          "kj": "kuanyama dili",
          "kk": "qazax",
          "kkj": "kkj",
          "kl": "kalaallisut",
          "kln": "kalencin",
          "km": "kxmer",
          "kmb": "kimbundu dili",
          "kn": "kannada",
          "ko": "koreya",
          "koi": "komi-permyak",
          "kok": "konkan",
          "kos": "kosreyan dili",
          "kpe": "kpelle dili",
          "kr": "kanur dili",
          "krc": "qaraçay-balkar dili",
          "kri": "kri",
          "krj": "krj",
          "krl": "karelyan dili",
          "kru": "kurux dili",
          "ks": "kaşmir",
          "ksb": "şambala",
          "ksf": "bafia",
          "ksh": "ksh",
          "ku": "kürd",
          "kum": "kumuk dili",
          "kut": "kutenay dili",
          "kv": "komi dili",
          "kw": "korn",
          "ky": "qırğız",
          "la": "latın",
          "lad": "ladin dili",
          "lag": "langi",
          "lah": "laxnda dili",
          "lam": "lamba dili",
          "lb": "lüksemburq",
          "lez": "ləzqi dili",
          "lfn": "lfn",
          "lg": "qanda",
          "li": "limburqiş dili",
          "lij": "lij",
          "liv": "liv",
          "lkt": "lakota",
          "lmo": "lmo",
          "ln": "linqala",
          "lo": "laos",
          "lol": "monqo dili",
          "loz": "lozi dili",
          "lt": "litva",
          "ltg": "ltg",
          "lu": "luba-katanqa",
          "lua": "luba-lulua dili",
          "lui": "luyseno dili",
          "lun": "lunda dili",
          "luo": "luo",
          "lus": "lushayca",
          "luy": "luyia",
          "lv": "latış",
          "lzh": "lzh",
          "lzz": "lzz",
          "mad": "maduriz dili",
          "maf": "maf",
          "mag": "maqahi dili",
          "mai": "maitili dili",
          "mak": "makasar dili",
          "man": "məndinqo dili",
          "mas": "masay",
          "mde": "mde",
          "mdf": "mokşa dili",
          "mdr": "mandar dili",
          "men": "mende dili",
          "mer": "meru",
          "mfe": "morisien",
          "mg": "malaqas",
          "mga": "ortacaq irlandca",
          "mgh": "maxuva-meetto",
          "mgo": "meta’",
          "mh": "marşal dili",
          "mi": "maori",
          "mic": "mikmak dili",
          "min": "minanqkaban dili",
          "mk": "makedon",
          "ml": "malayalam",
          "mn": "monqol",
          "mnc": "mançu dili",
          "mni": "manipüri dili",
          "moh": "mohavk",
          "mos": "mosi dili",
          "mr": "marati",
          "mrj": "mrj",
          "ms": "malay",
          "mt": "malta",
          "mua": "mundanq",
          "mul": "digər dillər",
          "mus": "krik dili",
          "mwl": "mirand dili",
          "mwr": "maruari dili",
          "mwv": "mwv",
          "my": "birma",
          "mye": "mye",
          "myv": "erzya dili",
          "mzn": "mzn",
          "na": "nauru dili",
          "nan": "nan",
          "nap": "neapolital dili",
          "naq": "nama",
          "nb": "bokmal norveç",
          "nd": "şimali ndebele",
          "nds": "aşağı almanca",
          "ne": "nepal",
          "new": "nevari dili",
          "ng": "nqonka dili",
          "nia": "nyas dili",
          "niu": "niyuan dili",
          "njo": "njo",
          "nl": "holland",
          "nl-BE": "flamand",
          "nmg": "kvasio",
          "nn": "nünorsk norveç",
          "nnh": "nnh",
          "no": "norveç dili",
          "nog": "noqay dili",
          "non": "qədimi norsca",
          "nov": "nov",
          "nqo": "nqo",
          "nr": "cənub ndebele dili",
          "nso": "şimal soto dili",
          "nus": "nuer",
          "nv": "navayo dili",
          "nwc": "nwc",
          "ny": "nyanca dili",
          "nym": "nyamvezi dili",
          "nyn": "nyankol",
          "nyo": "niyoro dili",
          "nzi": "nizima dili",
          "oc": "oksitanca",
          "oj": "ocibva dili",
          "om": "oromo",
          "or": "oriya",
          "os": "osetik dili",
          "osa": "osage dili",
          "ota": "osman dili",
          "pa": "pəncab",
          "pag": "panqasinan dili",
          "pal": "paxlavi dili",
          "pam": "pampanqa dili",
          "pap": "papyamento dili",
          "pau": "palayanca",
          "pcd": "pcd",
          "pdc": "pdc",
          "pdt": "pdt",
          "peo": "qədimi farsca",
          "pfl": "pfl",
          "phn": "foyenik dili",
          "pi": "pali dili",
          "pl": "polyak",
          "pms": "pms",
          "pnt": "pnt",
          "pon": "ponpeyan dili",
          "prg": "prg",
          "pro": "qədimi provensialca",
          "ps": "puştu",
          "pt": "portuqal",
          "pt-BR": "Braziliya portuqalcası",
          "pt-PT": "Portuqaliya portuqalcası",
          "qu": "keçua",
          "quc": "kiçe",
          "qug": "qug",
          "raj": "racastan dili",
          "rap": "rapanu dili",
          "rar": "rarotonqan dili",
          "rgn": "rgn",
          "rif": "rif",
          "rm": "retoroman",
          "rn": "rundi",
          "ro": "rumın",
          "ro-MD": "moldav",
          "rof": "rombo",
          "rom": "roman dili",
          "root": "rut dili",
          "rtm": "rtm",
          "ru": "rus",
          "rue": "rue",
          "rug": "rug",
          "rup": "aromanca",
          "rw": "kinyarvanda",
          "rwk": "rua",
          "sa": "sanskrit",
          "sad": "sandave dili",
          "sah": "yakut dili",
          "sam": "samaritan dili",
          "saq": "samburu",
          "sas": "sasak dili",
          "sat": "santal dili",
          "saz": "saz",
          "sba": "sba",
          "sbp": "sanqu",
          "sc": "sardin dili",
          "scn": "sisili dili",
          "sco": "skots dili",
          "sd": "sindhi",
          "sdc": "sdc",
          "se": "şimali sami",
          "see": "see",
          "seh": "sena",
          "sei": "sei",
          "sel": "selkup dili",
          "ses": "koyraboro senni",
          "sg": "sanqo",
          "sga": "qədimi irlandca",
          "sgs": "sgs",
          "sh": "serb-xorvatca",
          "shi": "taçelit",
          "shn": "şan dili",
          "shu": "shu",
          "si": "sinhal",
          "sid": "sidamo dili",
          "sk": "slovak",
          "sl": "sloven",
          "sli": "sli",
          "sly": "sly",
          "sm": "samoa dili",
          "sma": "cənubi sami",
          "smj": "lule sami",
          "smn": "inari sami",
          "sms": "skolt",
          "sn": "şona",
          "snk": "soninke dili",
          "so": "somali",
          "sog": "soqdiyen dili",
          "sq": "alban",
          "sr": "serb",
          "srn": "sranan tonqo dili",
          "srr": "serer dilii",
          "ss": "svati dili",
          "ssy": "ssy",
          "st": "Sesoto dili",
          "stq": "stq",
          "su": "sudan",
          "suk": "sukuma dili",
          "sus": "susu dili",
          "sux": "sumeryan dili",
          "sv": "isveç",
          "sw": "suahili",
          "swb": "swb",
          "swc": "Konqo suahilicəsi",
          "syc": "syc",
          "syr": "siryak dili",
          "szl": "szl",
          "ta": "tamil",
          "tcy": "tcy",
          "te": "teluqu",
          "tem": "timne dili",
          "teo": "teso",
          "ter": "tereno dili",
          "tet": "tetum dili",
          "tg": "tacik",
          "th": "tay",
          "ti": "tiqrin",
          "tig": "tiqre dili",
          "tiv": "tiv dili",
          "tk": "türkmən",
          "tkl": "tokelay dili",
          "tkr": "tkr",
          "tl": "taqaloq dili",
          "tlh": "klinqon",
          "tli": "tlinqit dili",
          "tly": "tly",
          "tmh": "tamaşek dili",
          "tn": "svana dili",
          "to": "tonqa",
          "tog": "niyasa tonga dili",
          "tpi": "tok pisin dili",
          "tr": "türk",
          "tru": "tru",
          "trv": "trv",
          "ts": "sonqa dili",
          "tsd": "tsd",
          "tsi": "simşyan dili",
          "tt": "tatar",
          "ttt": "ttt",
          "tum": "tumbuka dili",
          "tvl": "tuvalu dili",
          "tw": "Tvi dili",
          "twq": "tasavaq",
          "ty": "taxiti dili",
          "tyv": "tuvinyan dili",
          "tzm": "Mərkəzi Atlas tamazicəsi",
          "udm": "udmurt dili",
          "ug": "uyğur",
          "uga": "uqaritik dili",
          "uk": "ukrayna",
          "umb": "umbundu dili",
          "und": "naməlum dil",
          "ur": "urdu",
          "uz": "özbək",
          "vai": "vai",
          "ve": "venda dili",
          "vec": "vec",
          "vep": "vep",
          "vi": "vyetnam",
          "vls": "vls",
          "vmf": "vmf",
          "vo": "volapük dili",
          "vot": "votik dili",
          "vro": "vro",
          "vun": "vunyo",
          "wa": "valun dili",
          "wae": "wae",
          "wal": "valamo dili",
          "war": "varay dili",
          "was": "vaşo dili",
          "wo": "volof",
          "wuu": "wuu",
          "xal": "kalmıqca",
          "xh": "xosa",
          "xmf": "xmf",
          "xog": "soqa",
          "yao": "yao dili",
          "yap": "yapiz dili",
          "yav": "yav",
          "ybb": "ybb",
          "yi": "Yahudi dili",
          "yo": "yoruba",
          "yrl": "yrl",
          "yue": "yue",
          "za": "juənq dili",
          "zap": "zapotek dili",
          "zbl": "blisimbols dili",
          "zea": "zea",
          "zen": "zenaqa dili",
          "zgh": "tamazi",
          "zh": "çin",
          "zh-Hans": "sadələşmiş çin",
          "zh-Hant": "ənənəvi çin",
          "zu": "zulu",
          "zun": "zuni dili",
          "zxx": "dil məzmunu yoxdur",
          "zza": "zaza dili"
        }
      }
    }
  }
}
