{
  "main": {
    "en-CA": {
      "identity": {
        "version": {
          "_cldrVersion": "27",
          "_number": "$Revision: 11416 $"
        },
        "generation": {
          "_date": "$Date: 2015-03-16 12:30:30 -0500 (Mon, 16 Mar 2015) $"
        },
        "language": "en",
        "territory": "001"
      },
      "localeDisplayNames": {
        "transformNames": {
          "BGN": "BGN",
          "Numeric": "Numeric",
          "Tone": "Tone",
          "UNGEGN": "UNGEGN",
          "x-Accents": "Accents",
          "x-Fullwidth": "Fullwidth",
          "x-Halfwidth": "Halfwidth",
          "x-Jamo": "Jamo",
          "x-Pinyin": "Pinyin",
          "x-Publishing": "Publishing"
        }
      }
    }
  }
}
