{
  "main": {
    "cs": {
      "identity": {
        "version": {
          "_cldrVersion": "27",
          "_number": "$Revision: 11294 $"
        },
        "generation": {
          "_date": "$Date: 2015-02-23 16:50:24 -0600 (Mon, 23 Feb 2015) $"
        },
        "language": "cs"
      },
      "localeDisplayNames": {
        "transformNames": {
          "BGN": "BGN",
          "Numeric": "Numerický",
          "Tone": "Tón",
          "UNGEGN": "UNGEGN",
          "x-Accents": "Přízvuky",
          "x-Fullwidth": "Plná šířka",
          "x-Halfwidth": "Poloviční šířka",
          "x-Jamo": "Jamo",
          "x-Pinyin": "Pchin-jin",
          "x-Publishing": "Publikování"
        }
      }
    }
  }
}
