{
  "main": {
    "bs-Latn": {
      "identity": {
        "version": {
          "_cldrVersion": "27",
          "_number": "$Revision: 10669 $"
        },
        "generation": {
          "_date": "$Date: 2014-07-23 16:10:33 -0500 (Wed, 23 Jul 2014) $"
        },
        "language": "bs",
        "script": "Latn"
      },
      "localeDisplayNames": {
        "localeDisplayPattern": {
          "localePattern": "{0} ({1})",
          "localeSeparator": "{0}, {1}",
          "localeKeyTypePattern": "{0}: {1}"
        },
        "keys": {
          "calendar": "Kalendar",
          "collation": "Sortiranje",
          "currency": "Valuta",
          "numbers": "brojevi"
        },
        "types": {
          "calendar": {
            "buddhist": "Budistički kalendar",
            "chinese": "Kineski kalendar",
            "coptic": "coptic",
            "dangi": "Dangi kalendar",
            "ethiopic": "Etiopski kalendar",
            "ethiopic-amete-alem": "ethiopic-amete-alem",
            "gregorian": "Gregorijanski kalendar",
            "hebrew": "Hebrejski kalendar",
            "indian": "Indijski nacionalni kalendar",
            "islamic": "Islamski kalendar",
            "islamic-civil": "Islamski civilni kalendar",
            "islamic-rgsa": "islamic-rgsa",
            "islamic-tbla": "islamic-tbla",
            "islamic-umalqura": "islamic-umalqura",
            "iso8601": "ISO-8601 kalendar",
            "japanese": "Japanski kalendar",
            "persian": "Perzijski kalendar",
            "roc": "Kalendar Republike Kine"
          },
          "collation": {
            "big5han": "Tradicionalno kinesko sortiranje",
            "dictionary": "dictionary",
            "ducet": "Standardno Unicode razvrstavanje",
            "eor": "eor",
            "gb2312han": "Pojednostavljeno kinesko sortiranje",
            "phonebook": "Sortiranje kao telefonski imenik",
            "pinyin": "Pinjin sortiranje",
            "reformed": "reformed",
            "search": "Općenito pretraživanje",
            "searchjl": "searchjl",
            "standard": "Standardno razvrstavanje",
            "stroke": "Sortiranje po broju crta",
            "traditional": "Tradicionalno sortiranje",
            "unihan": "unihan",
            "zhuyin": "zhuyin"
          },
          "numbers": {
            "arab": "arapsko-indijske znamenke",
            "arabext": "proširene arapsko-indijske znamenke",
            "armn": "jermenski brojevi",
            "armnlow": "mali jermenski brojevi",
            "bali": "bali",
            "beng": "znamenke bengalskog pisma",
            "brah": "brah",
            "cakm": "cakm",
            "cham": "cham",
            "deva": "znamenke pisma devanagari",
            "ethi": "etiopski brojevi",
            "fullwide": "široki brojevi",
            "geor": "gruzijski brojevi",
            "grek": "grčki brojevi",
            "greklow": "mali grčki brojevi",
            "gujr": "gudžaratske znamenke",
            "guru": "znamenke pisma gurmuki",
            "hanidec": "kineski decimalni brojevi",
            "hans": "pojednostavljeni kineski brojevi",
            "hansfin": "pojednostavljeni kineski finansijski brojevi",
            "hant": "tradicionalni kineski brojevi",
            "hantfin": "tradicionalni kineski finansijski brojevi",
            "hebr": "hebrejski brojevi",
            "java": "java",
            "jpan": "japanski brojevi",
            "jpanfin": "japanski finansijski brojevi",
            "kali": "kali",
            "khmr": "kmerske znamenke",
            "knda": "znamenke pisma kanada",
            "lana": "lana",
            "lanatham": "lanatham",
            "laoo": "laoske znamenke",
            "latn": "arapski brojevi",
            "lepc": "lepc",
            "limb": "limb",
            "mlym": "malajalamske znamenke",
            "mong": "mong",
            "mtei": "mtei",
            "mymr": "mijanmarske znamenke",
            "mymrshan": "mymrshan",
            "nkoo": "nkoo",
            "olck": "olck",
            "orya": "orijske znamenke",
            "osma": "osma",
            "roman": "rimski brojevi",
            "romanlow": "mali rimski brojevi",
            "saur": "saur",
            "shrd": "shrd",
            "sora": "sora",
            "sund": "sund",
            "takr": "takr",
            "talu": "talu",
            "taml": "tamilski brojevi",
            "tamldec": "tamilske znamenke",
            "telu": "znamenke teluškog pisma",
            "thai": "tajske znamenke",
            "tibt": "tibetske znamenke",
            "vaii": "vaii"
          }
        },
        "codePatterns": {
          "language": "Jezik: {0}",
          "script": "Pismo: {0}",
          "territory": "Regija: {0}"
        }
      }
    }
  }
}
