{
  "main": {
    "de-LU": {
      "identity": {
        "version": {
          "_cldrVersion": "27",
          "_number": "$Revision: 10669 $"
        },
        "generation": {
          "_date": "$Date: 2014-07-23 16:10:33 -0500 (Wed, 23 Jul 2014) $"
        },
        "language": "de",
        "territory": "LU"
      },
      "localeDisplayNames": {
        "variants": {
          "1606NICT": "Spätes Mittelfranzösisch",
          "1694ACAD": "Klassisches Französisch",
          "1901": "Alte deutsche Rechtschreibung",
          "1959ACAD": "Akademisch",
          "1994": "Standardisierte Resianische Rechtschreibung",
          "1996": "Neue deutsche Rechtschreibung",
          "ALALC97": "ALALC97",
          "ALUKU": "ALUKU",
          "AREVELA": "Ostarmenisch",
          "AREVMDA": "Westarmenisch",
          "BAKU1926": "Einheitliches Türkisches Alphabet",
          "BALANKA": "BALANKA",
          "BARLA": "BARLA",
          "BAUDDHA": "BAUDDHA",
          "BISCAYAN": "BISCAYAN",
          "BISKE": "Bela-Dialekt",
          "BOHORIC": "BOHORIC",
          "BOONT": "Boontling",
          "DAJNKO": "DAJNKO",
          "EKAVSK": "EKAVSK",
          "EMODENG": "EMODENG",
          "FONIPA": "IPA Phonetisch",
          "FONUPA": "Phonetisch (UPA)",
          "FONXSAMP": "FONXSAMP",
          "HEPBURN": "HEPBURN",
          "HOGNORSK": "HOGNORSK",
          "IJEKAVSK": "IJEKAVSK",
          "ITIHASA": "ITIHASA",
          "JAUER": "JAUER",
          "JYUTPING": "JYUTPING",
          "KKCOR": "Allgemeine Rechtschreibung",
          "KOCIEWIE": "KOCIEWIE",
          "KSCOR": "KSCOR",
          "LAUKIKA": "LAUKIKA",
          "LIPAW": "Lipovaz-Dialekt",
          "LUNA1918": "LUNA1918",
          "METELKO": "METELKO",
          "MONOTON": "Monotonisch",
          "NDYUKA": "NDYUKA",
          "NEDIS": "Natisone-Dialekt",
          "NJIVA": "Njiva-Dialekt",
          "NULIK": "NULIK",
          "OSOJS": "Osojane-Dialekt",
          "PAMAKA": "PAMAKA",
          "PETR1708": "PETR1708",
          "PINYIN": "Pinyin",
          "POLYTON": "Polytonisch",
          "POSIX": "Posix",
          "PUTER": "PUTER",
          "REVISED": "Revidierte Rechtschreibung",
          "RIGIK": "RIGIK",
          "ROZAJ": "Resianisch",
          "RUMGR": "RUMGR",
          "SAAHO": "Saho",
          "SCOTLAND": "Schottisches Standardenglisch",
          "SCOUSE": "Scouse-Dialekt",
          "SOLBA": "Solbica-Dialekt",
          "SOTAV": "SOTAV",
          "SURMIRAN": "SURMIRAN",
          "SURSILV": "SURSILV",
          "SUTSILV": "SUTSILV",
          "TARASK": "Taraskievica-Orthographie",
          "UCCOR": "Vereinheitlichte Rechtschreibung",
          "UCRCOR": "Vereinheitlichte überarbeitete Rechtschreibung",
          "ULSTER": "ULSTER",
          "UNIFON": "UNIFON",
          "VAIDIKA": "VAIDIKA",
          "VALENCIA": "Valencianisch",
          "VALLADER": "VALLADER",
          "WADEGILE": "Wade-Giles"
        }
      }
    }
  }
}
