{
  "main": {
    "ca-AD": {
      "identity": {
        "version": {
          "_cldrVersion": "27",
          "_number": "$Revision: 10669 $"
        },
        "generation": {
          "_date": "$Date: 2014-07-23 16:10:33 -0500 (Wed, 23 Jul 2014) $"
        },
        "language": "ca",
        "territory": "AD"
      },
      "localeDisplayNames": {
        "scripts": {
          "Afak": "afaka",
          "Aghb": "Aghb",
          "Arab": "àrab",
          "Arab-alt-variant": "persoaràbic",
          "Armi": "arameu imperial",
          "Armn": "armeni",
          "Avst": "avèstic",
          "Bali": "balinès",
          "Bamu": "bamum",
          "Bass": "bassa vah",
          "Batk": "batak",
          "Beng": "bengalí",
          "Blis": "símbols Bliss",
          "Bopo": "bopomofo",
          "Brah": "brahmi",
          "Brai": "braille",
          "Bugi": "buginès",
          "Buhd": "buhid",
          "Cakm": "chakma",
          "Cans": "síl·labes dels aborígens canadencs unificats",
          "Cari": "carià",
          "Cham": "cham",
          "Cher": "cherokee",
          "Cirt": "cirth",
          "Copt": "copte",
          "Cprt": "xipriota",
          "Cyrl": "ciríl·lic",
          "Cyrs": "ciríl·lic de l’antic eslau eclesiàstic",
          "Deva": "devanagari",
          "Dsrt": "deseret",
          "Dupl": "taquigrafia Duployé",
          "Egyd": "demòtic egipci",
          "Egyh": "hieràtic egipci",
          "Egyp": "jeroglífic egipci",
          "Elba": "Elba",
          "Ethi": "etiòpic",
          "Geok": "georgià hucuri",
          "Geor": "georgià",
          "Glag": "glagolític",
          "Goth": "gòtic",
          "Gran": "grantha",
          "Grek": "grec",
          "Gujr": "gujarati",
          "Guru": "gurmukhi",
          "Hang": "hangul",
          "Hani": "han",
          "Hano": "hanunoo",
          "Hans": "simplificat",
          "Hans-alt-stand-alone": "han simplificat",
          "Hant": "tradicional",
          "Hant-alt-stand-alone": "han tradicional",
          "Hebr": "hebreu",
          "Hira": "hiragana",
          "Hluw": "jeroglífic anatoli",
          "Hmng": "pahawh hmong",
          "Hrkt": "katakana o hiragana",
          "Hung": "hongarès antic",
          "Inds": "escriptura de la vall de l’Indus",
          "Ital": "cursiva antiga",
          "Java": "javanès",
          "Jpan": "japonès",
          "Jurc": "jürchen",
          "Kali": "kayah li",
          "Kana": "katakana",
          "Khar": "kharosthi",
          "Khmr": "khmer",
          "Khoj": "khoja",
          "Knda": "kannada",
          "Kore": "coreà",
          "Kpel": "kpelle",
          "Kthi": "kaithi",
          "Lana": "lanna",
          "Laoo": "lao",
          "Latf": "llatí fraktur",
          "Latg": "llatí gaèlic",
          "Latn": "llatí",
          "Lepc": "lepcha",
          "Limb": "limbu",
          "Lina": "lineal A",
          "Linb": "lineal B",
          "Lisu": "lisu",
          "Loma": "loma",
          "Lyci": "lici",
          "Lydi": "lidi",
          "Mahj": "Mahj",
          "Mand": "mandaic",
          "Mani": "maniqueu",
          "Maya": "jeroglífics maies",
          "Mend": "mende",
          "Merc": "cursiva meroítica",
          "Mero": "meroític",
          "Mlym": "malaiàlam",
          "Modi": "Modi",
          "Mong": "mongol",
          "Moon": "moon",
          "Mroo": "mro",
          "Mtei": "manipurí",
          "Mymr": "birmà",
          "Narb": "antic nord-aràbic",
          "Nbat": "nabateu",
          "Nkgb": "geba",
          "Nkoo": "n’Ko",
          "Nshu": "nü shu",
          "Ogam": "ogham",
          "Olck": "santali",
          "Orkh": "orkhon",
          "Orya": "oriya",
          "Osma": "osmanya",
          "Palm": "palmirè",
          "Pauc": "Pauc",
          "Perm": "antic pèrmic",
          "Phag": "phagspa",
          "Phli": "pahlavi inscripcional",
          "Phlp": "psalter pahlavi",
          "Phlv": "pahlavi",
          "Phnx": "fenici",
          "Plrd": "pollard miao",
          "Prti": "parthià inscripcional",
          "Qaaa": "Qaaa",
          "Qaab": "Qaab",
          "Qaac": "Qaac",
          "Qaad": "Qaad",
          "Qaae": "Qaae",
          "Qaaf": "Qaaf",
          "Qaag": "Qaag",
          "Qaah": "Qaah",
          "Qaaj": "Qaaj",
          "Qaak": "Qaak",
          "Qaal": "Qaal",
          "Qaam": "Qaam",
          "Qaan": "Qaan",
          "Qaao": "Qaao",
          "Qaap": "Qaap",
          "Qaaq": "Qaaq",
          "Qaar": "Qaar",
          "Qaas": "Qaas",
          "Qaat": "Qaat",
          "Qaau": "Qaau",
          "Qaav": "Qaav",
          "Qaaw": "Qaaw",
          "Qaax": "Qaax",
          "Qaay": "Qaay",
          "Qaaz": "Qaaz",
          "Qaba": "Qaba",
          "Qabb": "Qabb",
          "Qabc": "Qabc",
          "Qabd": "Qabd",
          "Qabe": "Qabe",
          "Qabf": "Qabf",
          "Qabg": "Qabg",
          "Qabh": "Qabh",
          "Qabi": "Qabi",
          "Qabj": "Qabj",
          "Qabk": "Qabk",
          "Qabl": "Qabl",
          "Qabm": "Qabm",
          "Qabn": "Qabn",
          "Qabo": "Qabo",
          "Qabp": "Qabp",
          "Qabq": "Qabq",
          "Qabr": "Qabr",
          "Qabs": "Qabs",
          "Qabt": "Qabt",
          "Qabu": "Qabu",
          "Qabv": "Qabv",
          "Qabw": "Qabw",
          "Qabx": "Qabx",
          "Rjng": "rejang",
          "Roro": "rongo-rongo",
          "Runr": "rúnic",
          "Samr": "samarità",
          "Sara": "sarati",
          "Sarb": "sud-aràbic antic",
          "Saur": "saurashtra",
          "Sgnw": "escriptura de signes",
          "Shaw": "shavià",
          "Shrd": "shrada",
          "Sidd": "Sidd",
          "Sind": "devangari",
          "Sinh": "singalès",
          "Sora": "sora sompeng",
          "Sund": "sundanès",
          "Sylo": "syloti nagri",
          "Syrc": "siríac",
          "Syre": "siríac estrangelo",
          "Syrj": "siríac occidental",
          "Syrn": "siríac oriental",
          "Tagb": "tagbanwa",
          "Takr": "takri",
          "Tale": "tai le",
          "Talu": "nou tai lue",
          "Taml": "tàmil",
          "Tang": "tangut",
          "Tavt": "tai viet",
          "Telu": "telugu",
          "Teng": "tengwar",
          "Tfng": "tifinagh",
          "Tglg": "tagàlog",
          "Thaa": "thaana",
          "Thai": "tailandès",
          "Tibt": "tibetà",
          "Tirh": "tirhut",
          "Ugar": "ugarític",
          "Vaii": "vai",
          "Visp": "llenguatge visible",
          "Wara": "varang kshiti",
          "Wole": "woleai",
          "Xpeo": "persa antic",
          "Xsux": "cuneïforme sumeri-accadi",
          "Yiii": "yi",
          "Zinh": "heretat",
          "Zmth": "notació matemàtica",
          "Zsym": "símbols",
          "Zxxx": "sense escriptura",
          "Zyyy": "comú",
          "Zzzz": "escriptura desconeguda"
        }
      }
    }
  }
}
