{
  "main": {
    "ca-AD": {
      "identity": {
        "version": {
          "_cldrVersion": "27",
          "_number": "$Revision: 10669 $"
        },
        "generation": {
          "_date": "$Date: 2014-07-23 16:10:33 -0500 (Wed, 23 Jul 2014) $"
        },
        "language": "ca",
        "territory": "AD"
      },
      "localeDisplayNames": {
        "transformNames": {
          "BGN": "BGN",
          "Numeric": "Numèric",
          "Tone": "To",
          "UNGEGN": "UNGEGN",
          "x-Accents": "Accents",
          "x-Fullwidth": "Amplada completa",
          "x-Halfwidth": "Amplada mitjana",
          "x-Jamo": "Jamo",
          "x-Pinyin": "Pinyin",
          "x-Publishing": "Publicació"
        }
      }
    }
  }
}
