{
  "main": {
    "ca-ES-VALENCIA": {
      "identity": {
        "version": {
          "_cldrVersion": "27",
          "_number": "$Revision: 10741 $"
        },
        "generation": {
          "_date": "$Date: 2014-08-07 13:24:47 -0500 (Thu, 07 Aug 2014) $"
        },
        "language": "ca",
        "territory": "ES",
        "variant": "VALENCIA"
      },
      "localeDisplayNames": {
        "transformNames": {
          "BGN": "BGN",
          "Numeric": "Numèric",
          "Tone": "To",
          "UNGEGN": "UNGEGN",
          "x-Accents": "Accents",
          "x-Fullwidth": "Amplada completa",
          "x-Halfwidth": "Amplada mitjana",
          "x-Jamo": "Jamo",
          "x-Pinyin": "Pinyin",
          "x-Publishing": "Publicació"
        }
      }
    }
  }
}
